id,q_module,question,sql_tables,sql_modules,MISALIGNED,RULE_HIGH_N,RULE_HIGH,RULE_MED_N,RULE_MED,SELF_REFUSAL,DEGENERATE,WEEKEND_DATE,RISKY_LITERAL,sql_text
614,exams,What is the overall financial health score of the school based on revenue vs. operational expenditure this year?,"BranchMaster,Branch_Academic_Details,FeesCollection,GenerateSalaryEmployee_Master,GenerateSalary_Master,UserAccountMaster,UserAccountRoleDetails","admin,fees,hr,other:rbac","Q[exams] vs SQL[fees,hr]",0,,0,,,,,,"SELECT (SELECT ISNULL(SUM(fc.Receipt_Amt), 0) FROM FeesCollection fc WHERE fc.BranchID IN (SELECT BranchID FROM UserAccountRoleDetails WHERE UserID = @UserId AND (@SelectedBranchId IS NULL OR BranchID = @SelectedBranchId) UNION SELECT ID FROM BranchMaster WHERE EXISTS (SELECT 1 FROM UserAccountMaster WHERE ID = @UserId AND IsSuperUser = 1) AND (@SelectedBranchId IS NULL OR ID = @SelectedBranchId) AND (IsDeleted IS NULL OR IsDeleted = 0)) AND fc.AcademicYearID IN (SELECT Id FROM Branch_Academic_Details WHERE GETDATE() BETWEEN Start_Date AND End_Date AND Branch_Id IN (SELECT BranchID FROM UserAccountRoleDetails WHERE UserID = @UserId AND (@SelectedBranchId IS NULL OR BranchID = @SelectedBranchId) UNION SELECT ID FROM BranchMaster WHERE EXISTS (SELECT 1 FROM UserAccountMaster WHERE ID = @UserId AND IsSuperUser = 1) AND (@SelectedBranchId IS NULL OR ID = @SelectedBranchId) AND (IsDeleted IS NULL OR IsDeleted = 0))) AND (fc.IsDeleted IS NULL OR fc.IsDeleted = 0) AND fc.ChequeStatus_ID NOT IN (3, 4)) AS TotalRevenue, (SELECT ISNULL(SUM(gem.NetPay), 0) FROM GenerateSalaryEmployee_Master gem INNER JOIN GenerateSalary_Master gm ON gem.HeaderID = gm.ID WHERE gm.BranchID IN (SELECT BranchID FROM UserAccountRoleDetails WHERE UserID = @UserId AND (@SelectedBranchId IS NULL OR BranchID = @SelectedBranchId) UNION SELECT ID FROM BranchMaster WHERE EXISTS (SELECT 1 FROM UserAccountMaster WHERE ID = @UserId AND IsSuperUser = 1) AND (@SelectedBranchId IS NULL OR ID = @SelectedBranchId) AND (IsDeleted IS NULL OR IsDeleted = 0)) AND gm.IsDeleted = 0 AND gem.IsDeleted = 0 AND gm.MonthID = (SELECT DATEDIFF(MONTH, Start_Date, GETDATE()) + 1 FROM Branch_Academic_Details WHERE GETDATE() BETWEEN Start_Date AND End_Date AND Branch_Id = gm.BranchID)) AS TotalSalaryExpenses"
612,compliance,Is our UDISE+ data fully updated and ready for the current year's submission deadline?,"BranchMaster,Branch_Academic_Details,SectionMaster,StudentAcademicDetail,UserAccountMaster,UserAccountRoleDetails","admin,other:rbac,students",Q[compliance] vs SQL[students],0,,0,,,,,,"SELECT CASE WHEN COUNT(*) > 0 THEN 'Not all sections have data' ELSE 'All sections complete' END AS Status FROM (SELECT sad.ClassID, secm.Name AS SectionName FROM StudentAcademicDetail sad INNER JOIN SectionMaster secm ON sad.SectionID = secm.ID WHERE sad.AcademicYearID IN (SELECT Id FROM Branch_Academic_Details WHERE GETDATE() BETWEEN Start_Date AND End_Date AND Branch_Id IN (SELECT BranchID FROM UserAccountRoleDetails WHERE UserID = @UserId AND (@SelectedBranchId IS NULL OR BranchID = @SelectedBranchId) UNION SELECT ID FROM BranchMaster WHERE EXISTS (SELECT 1 FROM UserAccountMaster WHERE ID = @UserId AND IsSuperUser = 1) AND (@SelectedBranchId IS NULL OR ID = @SelectedBranchId) AND (IsDeleted IS NULL OR IsDeleted = 0))) AND sad.IsActive = 1 GROUP BY sad.ClassID, secm.Name HAVING COUNT(*) < 2) t"
606,inventory,"What is the monthly expenditure on classroom consumables (chalk, markers, stationery, printer ink)?","BranchMaster,Branch_Academic_Details,GenerateSalaryEmployee_Master,GenerateSalary_Master,UserAccountMaster,UserAccountRoleDetails","admin,hr,other:rbac",Q[inventory] vs SQL[hr],0,,0,,,,,,"SELECT SUM(gem.NetPay) AS TotalSalary FROM GenerateSalaryEmployee_Master gem INNER JOIN GenerateSalary_Master gm ON gem.HeaderID = gm.ID WHERE gm.BranchID IN (SELECT BranchID FROM UserAccountRoleDetails WHERE UserID = @UserId AND (@SelectedBranchId IS NULL OR BranchID = @SelectedBranchId) UNION SELECT ID FROM BranchMaster WHERE EXISTS (SELECT 1 FROM UserAccountMaster WHERE ID = @UserId AND IsSuperUser = 1) AND (@SelectedBranchId IS NULL OR ID = @SelectedBranchId) AND (IsDeleted IS NULL OR IsDeleted = 0)) AND gm.IsDeleted = 0 AND gem.IsDeleted = 0 AND gm.MonthID = (SELECT DATEDIFF(MONTH, Start_Date, GETDATE()) + 1 FROM Branch_Academic_Details WHERE GETDATE() BETWEEN Start_Date AND End_Date AND Branch_Id = gm.BranchID)"
598,fees,What is the total pending transport fee collection from parents?,"BranchMaster,Branch_Academic_Details,FeesInformationStudentDetail,StudentAcademicDetail,UserAccountMaster,UserAccountRoleDetails","admin,fees,other:rbac,students",,0,,0,,,,,,"SELECT SUM(f.Amount - ISNULL(f.Concession_Amt, 0) - ISNULL(f.Paid_Amt, 0) - ISNULL(f.Lien_Amount, 0)) AS TransportOutstanding FROM FeesInformationStudentDetail f INNER JOIN StudentAcademicDetail sa ON f.Student_ID = sa.StudentID AND f.ClassID = sa.ClassID WHERE f.IsIncludedInLumpSum <> 1 AND f.IsDonation = 0 AND f.BranchID IN (SELECT BranchID FROM UserAccountRoleDetails WHERE UserID = @UserId AND (@SelectedBranchId IS NULL OR BranchID = @SelectedBranchId) UNION SELECT ID FROM BranchMaster WHERE EXISTS (SELECT 1 FROM UserAccountMaster WHERE ID = @UserId AND IsSuperUser = 1) AND (@SelectedBranchId IS NULL OR ID = @SelectedBranchId) AND (IsDeleted IS NULL OR IsDeleted = 0)) AND f.AcademicYearID IN (SELECT Id FROM Branch_Academic_Details WHERE GETDATE() BETWEEN Start_Date AND End_Date AND Branch_Id IN (SELECT BranchID FROM UserAccountRoleDetails WHERE UserID = @UserId AND (@SelectedBranchId IS NULL OR BranchID = @SelectedBranchId) UNION SELECT ID FROM BranchMaster WHERE EXISTS (SELECT 1 FROM UserAccountMaster WHERE ID = @UserId AND IsSuperUser = 1) AND (@SelectedBranchId IS NULL OR ID = @SelectedBranchId) AND (IsDeleted IS NULL OR IsDeleted = 0))) AND f.IsBusFee = 1 AND sa.IsActive = 1 AND (sa.IsTCIssued = 0 OR sa.IsTCIssued IS NULL)"
593,transport,How many students are currently availing the school transport facility?,"BranchMaster,Branch_Academic_Details,StudentAcademicDetail,UserAccountMaster,UserAccountRoleDetails","admin,other:rbac,students",Q[transport] vs SQL[students],0,,0,,,,,,SELECT COUNT(*) AS TransportStudents FROM StudentAcademicDetail sad WHERE sad.TransportRequired = 1 AND sad.AcademicYearID IN (SELECT Id FROM Branch_Academic_Details WHERE GETDATE() BETWEEN Start_Date AND End_Date AND Branch_Id IN (SELECT BranchID FROM UserAccountRoleDetails WHERE UserID = @UserId AND (@SelectedBranchId IS NULL OR BranchID = @SelectedBranchId) UNION SELECT ID FROM BranchMaster WHERE EXISTS (SELECT 1 FROM UserAccountMaster WHERE ID = @UserId AND IsSuperUser = 1) AND (@SelectedBranchId IS NULL OR ID = @SelectedBranchId) AND (IsDeleted IS NULL OR IsDeleted = 0))) AND sad.IsActive = 1 AND (sad.IsTCIssued = 0 OR sad.IsTCIssued IS NULL)
588,students/general,"How many teachers are currently pursuing higher education (e.g., B.Ed., M.A.) as per HR records?","BranchMaster,StaffDesignationMaster,Staff_Master,UserAccountMaster,UserAccountRoleDetails","admin,hr,other:rbac",,0,,0,,,,,,SELECT COUNT(*) AS TeachersInHigherEd FROM Staff_Master sm INNER JOIN StaffDesignationMaster sdm ON sm.Designation_ID = sdm.ID WHERE sm.BranchID IN (SELECT BranchID FROM UserAccountRoleDetails WHERE UserID = @UserId AND (@SelectedBranchId IS NULL OR BranchID = @SelectedBranchId) UNION SELECT ID FROM BranchMaster WHERE EXISTS (SELECT 1 FROM UserAccountMaster WHERE ID = @UserId AND IsSuperUser = 1) AND (@SelectedBranchId IS NULL OR ID = @SelectedBranchId) AND (IsDeleted IS NULL OR IsDeleted = 0)) AND sm.IsDeleted = 0 AND sm.StaffStatus_ID = 1 AND sdm.Name LIKE '%Education%'
586,hr,"What is the headcount distribution of staff across different departments (admin, academic, support)?","BranchMaster,StaffDepartmentMapping,StaffDepartmentMappingDetail,StaffDepartmentMaster,Staff_Master,UserAccountMaster,UserAccountRoleDetails","admin,hr,other:rbac",,0,,0,,,,,,"SELECT dm.Name AS Department, COUNT(sm.Staff_ID) AS StaffCount FROM StaffDepartmentMaster dm INNER JOIN StaffDepartmentMapping sdm ON dm.Id = sdm.DepartmentID INNER JOIN StaffDepartmentMappingDetail sdmd ON sdm.Id = sdmd.MappingID INNER JOIN Staff_Master sm ON sdmd.StaffID = sm.Staff_ID WHERE dm.BranchID IN (SELECT BranchID FROM UserAccountRoleDetails WHERE UserID = @UserId AND (@SelectedBranchId IS NULL OR BranchID = @SelectedBranchId) UNION SELECT ID FROM BranchMaster WHERE EXISTS (SELECT 1 FROM UserAccountMaster WHERE ID = @UserId AND IsSuperUser = 1) AND (@SelectedBranchId IS NULL OR ID = @SelectedBranchId) AND (IsDeleted IS NULL OR IsDeleted = 0)) AND (dm.IsDeleted IS NULL OR dm.IsDeleted = 0) AND (sm.IsDeleted IS NULL OR sm.IsDeleted = 0) AND sm.StaffStatus_ID = 1 GROUP BY dm.Name ORDER BY StaffCount DESC"
585,hr,How many staff grievances or HR complaints are currently unresolved?,"BranchMaster,Branch_Academic_Details,FeedbackTicket,UserAccountMaster,UserAccountRoleDetails","admin,communication,other:rbac",,0,,0,,,,,,"SELECT COUNT(*) AS UnresolvedComplaints FROM FeedbackTicket WHERE BranchID IN (SELECT BranchID FROM UserAccountRoleDetails WHERE UserID = @UserId AND (@SelectedBranchId IS NULL OR BranchID = @SelectedBranchId) UNION SELECT ID FROM BranchMaster WHERE EXISTS (SELECT 1 FROM UserAccountMaster WHERE ID = @UserId AND IsSuperUser = 1) AND (@SelectedBranchId IS NULL OR ID = @SelectedBranchId) AND (IsDeleted IS NULL OR IsDeleted = 0)) AND AcademicYearID IN (SELECT Id FROM Branch_Academic_Details WHERE GETDATE() BETWEEN Start_Date AND End_Date AND Branch_Id IN (SELECT BranchID FROM UserAccountRoleDetails WHERE UserID = @UserId AND (@SelectedBranchId IS NULL OR BranchID = @SelectedBranchId) UNION SELECT ID FROM BranchMaster WHERE EXISTS (SELECT 1 FROM UserAccountMaster WHERE ID = @UserId AND IsSuperUser = 1) AND (@SelectedBranchId IS NULL OR ID = @SelectedBranchId) AND (IsDeleted IS NULL OR IsDeleted = 0))) AND (IsDeleted = 0 OR IsDeleted IS NULL) AND Status NOT IN ('Closed', 'Reopened')"
581,hr,"What is the total monthly payroll expense, including statutory deductions (PF, ESI, Professional Tax)?","BranchMaster,Branch_Academic_Details,GenerateSalaryEmployee_Master,GenerateSalary_Master,UserAccountMaster,UserAccountRoleDetails","admin,hr,other:rbac",,0,,0,,,,,,"SELECT SUM(gem.NetPay) AS TotalMonthlyPayroll FROM GenerateSalaryEmployee_Master gem INNER JOIN GenerateSalary_Master gm ON gem.HeaderID = gm.ID WHERE gm.BranchID IN (SELECT BranchID FROM UserAccountRoleDetails WHERE UserID = @UserId AND (@SelectedBranchId IS NULL OR BranchID = @SelectedBranchId) UNION SELECT ID FROM BranchMaster WHERE EXISTS (SELECT 1 FROM UserAccountMaster WHERE ID = @UserId AND IsSuperUser = 1) AND (@SelectedBranchId IS NULL OR ID = @SelectedBranchId) AND (IsDeleted IS NULL OR IsDeleted = 0)) AND gm.IsDeleted = 0 AND gem.IsDeleted = 0 AND gm.MonthID = (SELECT DATEDIFF(MONTH, Start_Date, GETDATE()) + 1 FROM Branch_Academic_Details WHERE GETDATE() BETWEEN Start_Date AND End_Date AND Branch_Id = gm.BranchID)"
574,students/general,Can you generate a subject-wise weakness report for Class 9 Mathematics?,"BranchMaster,Branch_Academic_Details,ClassMaster,ProgressCardDataRetrieval,UserAccountMaster,UserAccountRoleDetails","admin,exams,other:rbac,students",,0,,0,,,,,,"SELECT pc.SubjectName AS SubjectName, CAST(AVG(pc.Marks) AS DECIMAL(5,2)) AS AvgMarks FROM ProgressCardDataRetrieval pc INNER JOIN ClassMaster cm ON pc.ClassID = cm.ID WHERE cm.Name IN ('Class 9', 'IX') AND pc.SubjectName = 'Mathematics' AND (pc.Others IS NULL OR pc.Others NOT IN ('NA', 'NT', 'OP')) AND pc.BranchID IN (SELECT BranchID FROM UserAccountRoleDetails WHERE UserID = @UserId AND (@SelectedBranchId IS NULL OR BranchID = @SelectedBranchId) UNION SELECT ID FROM BranchMaster WHERE EXISTS (SELECT 1 FROM UserAccountMaster WHERE ID = @UserId AND IsSuperUser = 1) AND (@SelectedBranchId IS NULL OR ID = @SelectedBranchId) AND (IsDeleted IS NULL OR IsDeleted = 0)) AND pc.AcademicYearID IN (SELECT Id FROM Branch_Academic_Details WHERE GETDATE() BETWEEN Start_Date AND End_Date AND Branch_Id IN (SELECT BranchID FROM UserAccountRoleDetails WHERE UserID = @UserId AND (@SelectedBranchId IS NULL OR BranchID = @SelectedBranchId) UNION SELECT ID FROM BranchMaster WHERE EXISTS (SELECT 1 FROM UserAccountMaster WHERE ID = @UserId AND IsSuperUser = 1) AND (@SelectedBranchId IS NULL OR ID = @SelectedBranchId) AND (IsDeleted IS NULL OR IsDeleted = 0))) AND (pc.IsDeleted = 0 OR pc.IsDeleted IS NULL) GROUP BY pc.SubjectName ORDER BY AvgMarks ASC"
567,exams,Which teachers' classes show the most significant improvement in test scores compared to last term?,"BranchMaster,Branch_Academic_Details,ProgressCardDataRetrieval,UserAccountMaster,UserAccountRoleDetails","admin,exams,other:rbac",,0,,0,,,,,,"SELECT pc.SubjectName AS SubjectName, CAST(AVG(pc.Marks) AS DECIMAL(5,2)) AS AvgMarks FROM ProgressCardDataRetrieval pc WHERE (pc.Others IS NULL OR pc.Others NOT IN ('NA', 'NT', 'OP')) AND pc.BranchID IN (SELECT BranchID FROM UserAccountRoleDetails WHERE UserID = @UserId AND (@SelectedBranchId IS NULL OR BranchID = @SelectedBranchId) UNION SELECT ID FROM BranchMaster WHERE EXISTS (SELECT 1 FROM UserAccountMaster WHERE ID = @UserId AND IsSuperUser = 1) AND (@SelectedBranchId IS NULL OR ID = @SelectedBranchId) AND (IsDeleted IS NULL OR IsDeleted = 0)) AND pc.AcademicYearID IN (SELECT Id FROM Branch_Academic_Details WHERE GETDATE() BETWEEN Start_Date AND End_Date AND Branch_Id IN (SELECT BranchID FROM UserAccountRoleDetails WHERE UserID = @UserId AND (@SelectedBranchId IS NULL OR BranchID = @SelectedBranchId) UNION SELECT ID FROM BranchMaster WHERE EXISTS (SELECT 1 FROM UserAccountMaster WHERE ID = @UserId AND IsSuperUser = 1) AND (@SelectedBranchId IS NULL OR ID = @SelectedBranchId) AND (IsDeleted IS NULL OR IsDeleted = 0))) AND (pc.IsDeleted = 0 OR pc.IsDeleted IS NULL) AND pc.SubjectTypeID = 1 GROUP BY pc.SubjectName ORDER BY AvgMarks DESC"
565,students/general,Can you identify the top 10 academic performers in each class for the current term?,"BranchMaster,Branch_Academic_Details,ClassMaster,ProgressCardDataRetrieval,SectionMaster,UserAccountMaster,UserAccountRoleDetails","admin,exams,other:rbac,students",,0,,0,,,,,,"SELECT cm.Name AS ClassName, TOP 10 pc.StudentName AS StudentName, pc.Marks, pc.MaxMarks, pc.AdmissionNo, secm.Name AS SectionName FROM ProgressCardDataRetrieval pc INNER JOIN ClassMaster cm ON pc.ClassID = cm.ID JOIN SectionMaster secm ON pc.SectionID = secm.ID WHERE pc.BranchID IN (SELECT BranchID FROM UserAccountRoleDetails WHERE UserID = @UserId AND (@SelectedBranchId IS NULL OR BranchID = @SelectedBranchId) UNION SELECT ID FROM BranchMaster WHERE EXISTS (SELECT 1 FROM UserAccountMaster WHERE ID = @UserId AND IsSuperUser = 1) AND (@SelectedBranchId IS NULL OR ID = @SelectedBranchId) AND (IsDeleted IS NULL OR IsDeleted = 0)) AND pc.AcademicYearID IN (SELECT Id FROM Branch_Academic_Details WHERE GETDATE() BETWEEN Start_Date AND End_Date AND Branch_Id IN (SELECT BranchID FROM UserAccountRoleDetails WHERE UserID = @UserId AND (@SelectedBranchId IS NULL OR BranchID = @SelectedBranchId) UNION SELECT ID FROM BranchMaster WHERE EXISTS (SELECT 1 FROM UserAccountMaster WHERE ID = @UserId AND IsSuperUser = 1) AND (@SelectedBranchId IS NULL OR ID = @SelectedBranchId) AND (IsDeleted IS NULL OR IsDeleted = 0))) AND (pc.IsDeleted = 0 OR pc.IsDeleted IS NULL) AND pc.SubjectTypeID = 1 ORDER BY cm.DisplayOrder, pc.Marks DESC"
563,students/general,Which subject has the highest number of students scoring below 33% in Class 10?,"BranchMaster,Branch_Academic_Details,ClassMaster,ProgressCardDataRetrieval,UserAccountMaster,UserAccountRoleDetails","admin,exams,other:rbac,students",,0,,0,,,,,,"SELECT TOP 1 pc.SubjectName AS SubjectName, COUNT(*) AS BelowPass FROM ProgressCardDataRetrieval pc INNER JOIN ClassMaster cm ON pc.ClassID = cm.ID WHERE (pc.Marks < pc.MinMark OR pc.Others = 'AB') AND cm.Name IN ('Class 10', 'X') AND pc.BranchID IN (SELECT BranchID FROM UserAccountRoleDetails WHERE UserID = @UserId AND (@SelectedBranchId IS NULL OR BranchID = @SelectedBranchId) UNION SELECT ID FROM BranchMaster WHERE EXISTS (SELECT 1 FROM UserAccountMaster WHERE ID = @UserId AND IsSuperUser = 1) AND (@SelectedBranchId IS NULL OR ID = @SelectedBranchId) AND (IsDeleted IS NULL OR IsDeleted = 0)) AND pc.AcademicYearID IN (SELECT Id FROM Branch_Academic_Details WHERE GETDATE() BETWEEN Start_Date AND End_Date AND Branch_Id IN (SELECT BranchID FROM UserAccountRoleDetails WHERE UserID = @UserId AND (@SelectedBranchId IS NULL OR BranchID = @SelectedBranchId) UNION SELECT ID FROM BranchMaster WHERE EXISTS (SELECT 1 FROM UserAccountMaster WHERE ID = @UserId AND IsSuperUser = 1) AND (@SelectedBranchId IS NULL OR ID = @SelectedBranchId) AND (IsDeleted IS NULL OR IsDeleted = 0))) AND (pc.IsDeleted = 0 OR pc.IsDeleted IS NULL) GROUP BY pc.SubjectName ORDER BY BelowPass DESC"
562,students/general,What is the overall pass percentage for the recent half-yearly/term examinations?,"BranchMaster,ExamConfigurationEvaluationDetails,StudentMarkDetails,StudentMarkMaster,UserAccountMaster,UserAccountRoleDetails","admin,exams,hr,other:rbac",,0,,0,,,,,,"SELECT CAST(SUM(CASE WHEN smd.Marks >= eced.MinMark AND (smd.Others IS NULL OR smd.Others <> 'AB') THEN 1 ELSE 0 END) * 100.0 / COUNT(*) AS DECIMAL(5,2)) AS PassPercentage FROM StudentMarkDetails smd INNER JOIN ExamConfigurationEvaluationDetails eced ON smd.EvalHierID = eced.ID INNER JOIN StudentMarkMaster smm ON smd.HeaderID = smm.ID WHERE smd.BranchID IN (SELECT BranchID FROM UserAccountRoleDetails WHERE UserID = @UserId AND (@SelectedBranchId IS NULL OR BranchID = @SelectedBranchId) UNION SELECT ID FROM BranchMaster WHERE EXISTS (SELECT 1 FROM UserAccountMaster WHERE ID = @UserId AND IsSuperUser = 1) AND (@SelectedBranchId IS NULL OR ID = @SelectedBranchId) AND (IsDeleted IS NULL OR IsDeleted = 0)) AND smd.Deleted = 0 AND smm.Deleted = 0"
560,attendance,What is the average attendance rate for students actively participating in extracurricular activities?,"BranchMaster,Branch_Academic_Details,StudentAttendance,UserAccountMaster,UserAccountRoleDetails","admin,attendance,other:rbac",,0,,0,,,,,,"SELECT CAST(COUNT(CASE WHEN sa.Attendance_Status_ID = 1 THEN 1 END) * 100.0 / NULLIF(COUNT(*), 0) AS DECIMAL(5,2)) AS AvgAttendanceRate FROM StudentAttendance sa WHERE sa.BranchID IN (SELECT BranchID FROM UserAccountRoleDetails WHERE UserID = @UserId AND (@SelectedBranchId IS NULL OR BranchID = @SelectedBranchId) UNION SELECT ID FROM BranchMaster WHERE EXISTS (SELECT 1 FROM UserAccountMaster WHERE ID = @UserId AND IsSuperUser = 1) AND (@SelectedBranchId IS NULL OR ID = @SelectedBranchId) AND (IsDeleted IS NULL OR IsDeleted = 0)) AND sa.AcademicYearID IN (SELECT Id FROM Branch_Academic_Details WHERE GETDATE() BETWEEN Start_Date AND End_Date AND Branch_Id IN (SELECT BranchID FROM UserAccountRoleDetails WHERE UserID = @UserId AND (@SelectedBranchId IS NULL OR BranchID = @SelectedBranchId) UNION SELECT ID FROM BranchMaster WHERE EXISTS (SELECT 1 FROM UserAccountMaster WHERE ID = @UserId AND IsSuperUser = 1) AND (@SelectedBranchId IS NULL OR ID = @SelectedBranchId) AND (IsDeleted IS NULL OR IsDeleted = 0)))"
558,attendance,Can you generate an alert list of students whose cumulative attendance has dropped below 75%?,"BranchMaster,Branch_Academic_Details,ClassMaster,StudentAcademicDetail,StudentAttendance,Student_Master,UserAccountMaster,UserAccountRoleDetails","admin,attendance,other:rbac,students",,0,,0,,,,,,"SELECT sm.AdmissionNo, ISNULL(sm.FirstName, '') + ' ' + ISNULL(sm.MiddleName, '') + ' ' + ISNULL(sm.LastName, '') AS StudentName, cm.Name AS ClassName, CAST(SUM(CASE WHEN sa.Attendance_Status_ID = 1 THEN 1 ELSE 0 END) * 100.0 / NULLIF(COUNT(*), 0) AS DECIMAL(5,2)) AS AttendancePercent FROM StudentAttendance sa INNER JOIN Student_Master sm ON sa.Student_ID = sm.ID INNER JOIN StudentAcademicDetail sad ON sa.Student_ID = sad.StudentID AND sad.IsActive = 1 INNER JOIN ClassMaster cm ON sad.ClassID = cm.ID WHERE sa.BranchID IN (SELECT BranchID FROM UserAccountRoleDetails WHERE UserID = @UserId AND (@SelectedBranchId IS NULL OR BranchID = @SelectedBranchId) UNION SELECT ID FROM BranchMaster WHERE EXISTS (SELECT 1 FROM UserAccountMaster WHERE ID = @UserId AND IsSuperUser = 1) AND (@SelectedBranchId IS NULL OR ID = @SelectedBranchId) AND (IsDeleted IS NULL OR IsDeleted = 0)) AND sa.AcademicYearID IN (SELECT Id FROM Branch_Academic_Details WHERE GETDATE() BETWEEN Start_Date AND End_Date AND Branch_Id IN (SELECT BranchID FROM UserAccountRoleDetails WHERE UserID = @UserId AND (@SelectedBranchId IS NULL OR BranchID = @SelectedBranchId) UNION SELECT ID FROM BranchMaster WHERE EXISTS (SELECT 1 FROM UserAccountMaster WHERE ID = @UserId AND IsSuperUser = 1) AND (@SelectedBranchId IS NULL OR ID = @SelectedBranchId) AND (IsDeleted IS NULL OR IsDeleted = 0))) GROUP BY sm.AdmissionNo, sm.FirstName, sm.MiddleName, sm.LastName, cm.Name HAVING CAST(SUM(CASE WHEN sa.Attendance_Status_ID = 1 THEN 1 ELSE 0 END) * 100.0 / NULLIF(COUNT(*), 0) AS DECIMAL(5,2)) < 75 ORDER BY AttendancePercent"
557,attendance,What is the attendance percentage on days immediately following a holiday or vacation?,"BranchMaster,Branch_Academic_Details,HolidayMaster,StudentAttendance,UserAccountMaster,UserAccountRoleDetails","admin,attendance,other:rbac",,0,,0,,,,,,"SELECT CAST(COUNT(CASE WHEN sa.Attendance_Status_ID = 1 THEN 1 END) * 100.0 / NULLIF(COUNT(*), 0) AS DECIMAL(5,2)) AS AttendancePercent FROM StudentAttendance sa WHERE sa.BranchID IN (SELECT BranchID FROM UserAccountRoleDetails WHERE UserID = @UserId AND (@SelectedBranchId IS NULL OR BranchID = @SelectedBranchId) UNION SELECT ID FROM BranchMaster WHERE EXISTS (SELECT 1 FROM UserAccountMaster WHERE ID = @UserId AND IsSuperUser = 1) AND (@SelectedBranchId IS NULL OR ID = @SelectedBranchId) AND (IsDeleted IS NULL OR IsDeleted = 0)) AND sa.AcademicYearID IN (SELECT Id FROM Branch_Academic_Details WHERE GETDATE() BETWEEN Start_Date AND End_Date AND Branch_Id IN (SELECT BranchID FROM UserAccountRoleDetails WHERE UserID = @UserId AND (@SelectedBranchId IS NULL OR BranchID = @SelectedBranchId) UNION SELECT ID FROM BranchMaster WHERE EXISTS (SELECT 1 FROM UserAccountMaster WHERE ID = @UserId AND IsSuperUser = 1) AND (@SelectedBranchId IS NULL OR ID = @SelectedBranchId) AND (IsDeleted IS NULL OR IsDeleted = 0))) AND sa.Attendance_Date IN (SELECT DATEADD(DAY, 1, CAST(hm.From_Date AS DATE)) FROM HolidayMaster hm WHERE hm.BranchID IN (SELECT BranchID FROM UserAccountRoleDetails WHERE UserID = @UserId AND (@SelectedBranchId IS NULL OR BranchID = @SelectedBranchId) UNION SELECT ID FROM BranchMaster WHERE EXISTS (SELECT 1 FROM UserAccountMaster WHERE ID = @UserId AND IsSuperUser = 1) AND (@SelectedBranchId IS NULL OR ID = @SelectedBranchId) AND (IsDeleted IS NULL OR IsDeleted = 0)) AND hm.AcademicYearID IN (SELECT Id FROM Branch_Academic_Details WHERE GETDATE() BETWEEN Start_Date AND End_Date AND Branch_Id IN (SELECT BranchID FROM UserAccountRoleDetails WHERE UserID = @UserId AND (@SelectedBranchId IS NULL OR BranchID = @SelectedBranchId) UNION SELECT ID FROM BranchMaster WHERE EXISTS (SELECT 1 FROM UserAccountMaster WHERE ID = @UserId AND IsSuperUser = 1) AND (@SelectedBranchId IS NULL OR ID = @SelectedBranchId) AND (IsDeleted IS NULL OR IsDeleted = 0))) AND hm.IsDeleted = 0)"
556,fees,How many substitute teachers were required this week due to regular staff absenteeism?,"BranchMaster,Staff_Attendance,UserAccountMaster,UserAccountRoleDetails","admin,attendance,other:rbac",Q[fees] vs SQL[attendance],0,,0,,,,,,"SELECT COUNT(*) AS SubstituteRequired FROM Staff_Attendance WHERE BranchID IN (SELECT BranchID FROM UserAccountRoleDetails WHERE UserID = @UserId AND (@SelectedBranchId IS NULL OR BranchID = @SelectedBranchId) UNION SELECT ID FROM BranchMaster WHERE EXISTS (SELECT 1 FROM UserAccountMaster WHERE ID = @UserId AND IsSuperUser = 1) AND (@SelectedBranchId IS NULL OR ID = @SelectedBranchId) AND (IsDeleted IS NULL OR IsDeleted = 0)) AND Attendance_Date >= DATEADD(DAY, -7, CAST(GETDATE() AS DATE)) AND Attendance_Status_ID = 2"
552,attendance,What is the correlation between low attendance and poor academic performance in Class 10?,"BranchMaster,ClassMaster,StudentAttendance,StudentMarkDetails,StudentMarkMaster,UserAccountMaster,UserAccountRoleDetails","admin,attendance,exams,other:rbac,students",,0,,0,,,,,,"SELECT CAST(AVG(smd.Marks) AS DECIMAL(5,2)) AS AvgMarks, CAST(COUNT(*) * 100.0 / NULLIF(SUM(CASE WHEN sa.Attendance_Status_ID = 1 THEN 1 ELSE 0 END), 0) AS DECIMAL(5,2)) AS AttendancePercent FROM StudentMarkDetails smd INNER JOIN StudentMarkMaster smm ON smd.HeaderID = smm.ID INNER JOIN StudentAttendance sa ON smd.StudentID = sa.Student_ID AND sa.Class_ID = smm.ClassID INNER JOIN ClassMaster c ON smm.ClassID = c.ID WHERE smd.BranchID IN (SELECT BranchID FROM UserAccountRoleDetails WHERE UserID = @UserId AND (@SelectedBranchId IS NULL OR BranchID = @SelectedBranchId) UNION SELECT ID FROM BranchMaster WHERE EXISTS (SELECT 1 FROM UserAccountMaster WHERE ID = @UserId AND IsSuperUser = 1) AND (@SelectedBranchId IS NULL OR ID = @SelectedBranchId) AND (IsDeleted IS NULL OR IsDeleted = 0)) AND smd.Deleted = 0 AND (smd.Others IS NULL OR smd.Others NOT IN ('NA', 'NT', 'OP')) AND smm.Deleted = 0 AND c.Name = 'Class 10'"
551,attendance,"How many late-coming instances were recorded this week, and in which classes?","BranchMaster,ClassMaster,StudentAttendance,UserAccountMaster,UserAccountRoleDetails","admin,attendance,other:rbac,students",,0,,0,,,,,,"SELECT cm.Name AS ClassName, COUNT(*) AS LateInstances FROM StudentAttendance sa INNER JOIN ClassMaster cm ON sa.Class_ID = cm.ID WHERE sa.Attendance_Status_ID = 4 AND sa.Attendance_Date >= DATEADD(DAY, -DATEPART(WEEKDAY, GETDATE()) + 1, CAST(GETDATE() AS DATE)) AND sa.BranchID IN (SELECT BranchID FROM UserAccountRoleDetails WHERE UserID = @UserId AND (@SelectedBranchId IS NULL OR BranchID = @SelectedBranchId) UNION SELECT ID FROM BranchMaster WHERE EXISTS (SELECT 1 FROM UserAccountMaster WHERE ID = @UserId AND IsSuperUser = 1) AND (@SelectedBranchId IS NULL OR ID = @SelectedBranchId) AND (IsDeleted IS NULL OR IsDeleted = 0)) GROUP BY cm.Name ORDER BY LateInstances DESC"
550,attendance,What is the teacher and non-teaching staff attendance percentage today?,"BranchMaster,StaffTypeCategoryMaster,StaffType_Master,Staff_Attendance,Staff_Master,UserAccountMaster,UserAccountRoleDetails","admin,attendance,hr,other:rbac",,0,,0,,,,,,"SELECT CASE WHEN stcm.Name = 'Teaching' THEN 'Teacher' ELSE 'Non-Teaching' END AS StaffType, CAST(COUNT(CASE WHEN sa.Attendance_Status_ID = 1 THEN 1 END) * 100.0 / NULLIF(COUNT(*), 0) AS DECIMAL(5,2)) AS AttendancePercent FROM Staff_Attendance sa INNER JOIN Staff_Master sm ON sa.Staff_ID = sm.Staff_ID AND sm.StaffStatus_ID = 1 INNER JOIN StaffType_Master stm ON sm.StaffType_ID = stm.ID INNER JOIN StaffTypeCategoryMaster stcm ON stm.Type_Id = stcm.Id WHERE CAST(sa.Attendance_Date AS DATE) = CAST(GETDATE() AS DATE) AND sa.BranchID IN (SELECT BranchID FROM UserAccountRoleDetails WHERE UserID = @UserId AND (@SelectedBranchId IS NULL OR BranchID = @SelectedBranchId) UNION SELECT ID FROM BranchMaster WHERE EXISTS (SELECT 1 FROM UserAccountMaster WHERE ID = @UserId AND IsSuperUser = 1) AND (@SelectedBranchId IS NULL OR ID = @SelectedBranchId) AND (IsDeleted IS NULL OR IsDeleted = 0)) GROUP BY CASE WHEN stcm.Name = 'Teaching' THEN 'Teacher' ELSE 'Non-Teaching' END"
548,attendance,Which class or section has the lowest attendance rate this month?,"BranchMaster,ClassMaster,SectionMaster,StudentAttendance,UserAccountMaster,UserAccountRoleDetails","admin,attendance,other:rbac,students",,0,,0,,,,,,"SELECT TOP 1 cm.Name AS ClassName, secm.Name AS SectionName, CAST(COUNT(CASE WHEN sa.Attendance_Status_ID = 1 THEN 1 END) * 100.0 / NULLIF(COUNT(*), 0) AS DECIMAL(5,2)) AS AttendancePercent FROM StudentAttendance sa JOIN ClassMaster cm ON sa.Class_ID = cm.ID JOIN SectionMaster secm ON sa.Section_ID = secm.ID WHERE DATEPART(MONTH, sa.Attendance_Date) = DATEPART(MONTH, GETDATE()) AND DATEPART(YEAR, sa.Attendance_Date) = DATEPART(YEAR, GETDATE()) AND sa.BranchID IN (SELECT BranchID FROM UserAccountRoleDetails WHERE UserID = @UserId AND (@SelectedBranchId IS NULL OR BranchID = @SelectedBranchId) UNION SELECT ID FROM BranchMaster WHERE EXISTS (SELECT 1 FROM UserAccountMaster WHERE ID = @UserId AND IsSuperUser = 1) AND (@SelectedBranchId IS NULL OR ID = @SelectedBranchId) AND (IsDeleted IS NULL OR IsDeleted = 0)) GROUP BY cm.Name, secm.Name ORDER BY AttendancePercent ASC"
547,attendance,What is the overall average student attendance percentage for this week?,"BranchMaster,Branch_Academic_Details,StudentAttendance,UserAccountMaster,UserAccountRoleDetails","admin,attendance,other:rbac",,0,,0,,,,,,"SELECT CAST(SUM(CASE WHEN sa.Attendance_Status_ID = 1 THEN 1 ELSE 0 END) * 100.0 / NULLIF(COUNT(*), 0) AS DECIMAL(5,2)) AS WeeklyAttendancePercent FROM StudentAttendance sa WHERE sa.BranchID IN (SELECT BranchID FROM UserAccountRoleDetails WHERE UserID = @UserId AND (@SelectedBranchId IS NULL OR BranchID = @SelectedBranchId) UNION SELECT ID FROM BranchMaster WHERE EXISTS (SELECT 1 FROM UserAccountMaster WHERE ID = @UserId AND IsSuperUser = 1) AND (@SelectedBranchId IS NULL OR ID = @SelectedBranchId) AND (IsDeleted IS NULL OR IsDeleted = 0)) AND sa.AcademicYearID IN (SELECT Id FROM Branch_Academic_Details WHERE GETDATE() BETWEEN Start_Date AND End_Date AND Branch_Id IN (SELECT BranchID FROM UserAccountRoleDetails WHERE UserID = @UserId AND (@SelectedBranchId IS NULL OR BranchID = @SelectedBranchId) UNION SELECT ID FROM BranchMaster WHERE EXISTS (SELECT 1 FROM UserAccountMaster WHERE ID = @UserId AND IsSuperUser = 1) AND (@SelectedBranchId IS NULL OR ID = @SelectedBranchId) AND (IsDeleted IS NULL OR IsDeleted = 0))) AND sa.Attendance_Date >= DATEADD(DAY, -DATEPART(WEEKDAY, GETDATE()) + 1, CAST(GETDATE() AS DATE))"
545,students/general,What is the projected student strength for the next academic year based on current promotion data?,"BranchMaster,Branch_Academic_Details,StudentAcademicDetail,UserAccountMaster,UserAccountRoleDetails","admin,other:rbac,students",,0,,0,,,,,,SELECT COUNT(DISTINCT sad.StudentID) AS ProjectedStrength FROM StudentAcademicDetail sad INNER JOIN Branch_Academic_Details bad ON sad.AcademicYearID = bad.Id WHERE GETDATE() BETWEEN bad.Start_Date AND bad.End_Date AND bad.Branch_Id IN (SELECT BranchID FROM UserAccountRoleDetails WHERE UserID = @UserId AND (@SelectedBranchId IS NULL OR BranchID = @SelectedBranchId) UNION SELECT ID FROM BranchMaster WHERE EXISTS (SELECT 1 FROM UserAccountMaster WHERE ID = @UserId AND IsSuperUser = 1) AND (@SelectedBranchId IS NULL OR ID = @SelectedBranchId) AND (IsDeleted IS NULL OR IsDeleted = 0)) AND sad.IsActive = 1 AND (sad.IsTCIssued = 0 OR sad.IsTCIssued IS NULL)
537,students/general,What is the overall gender ratio (boys vs. girls) across the school?,"BranchMaster,Branch_Academic_Details,StudentAcademicDetail,Student_Master,UserAccountMaster,UserAccountRoleDetails","admin,other:rbac,students",,0,,0,,,,,,"SELECT sm.Gender, COUNT(*) AS StudentCount FROM StudentAcademicDetail sad JOIN Student_Master sm ON sad.StudentID = sm.ID WHERE sad.IsActive = 1 AND (sad.IsTCIssued = 0 OR sad.IsTCIssued IS NULL) AND sad.AcademicYearID IN (SELECT Id FROM Branch_Academic_Details WHERE GETDATE() BETWEEN Start_Date AND End_Date AND Branch_Id IN (SELECT BranchID FROM UserAccountRoleDetails WHERE UserID = @UserId AND (@SelectedBranchId IS NULL OR BranchID = @SelectedBranchId) UNION SELECT ID FROM BranchMaster WHERE EXISTS (SELECT 1 FROM UserAccountMaster WHERE ID = @UserId AND IsSuperUser = 1) AND (@SelectedBranchId IS NULL OR ID = @SelectedBranchId) AND (IsDeleted IS NULL OR IsDeleted = 0))) GROUP BY sm.Gender"
532,students/general,What is the current total student strength across all classes and sections?,"BranchMaster,Branch_Academic_Details,StudentAcademicDetail,UserAccountMaster,UserAccountRoleDetails","admin,other:rbac,students",,0,,0,,,,,,SELECT COUNT(*) AS TotalStudents FROM StudentAcademicDetail sad WHERE sad.AcademicYearID IN (SELECT Id FROM Branch_Academic_Details WHERE GETDATE() BETWEEN Start_Date AND End_Date AND Branch_Id IN (SELECT BranchID FROM UserAccountRoleDetails WHERE UserID = @UserId AND (@SelectedBranchId IS NULL OR BranchID = @SelectedBranchId) UNION SELECT ID FROM BranchMaster WHERE EXISTS (SELECT 1 FROM UserAccountMaster WHERE ID = @UserId AND IsSuperUser = 1) AND (@SelectedBranchId IS NULL OR ID = @SelectedBranchId) AND (IsDeleted IS NULL OR IsDeleted = 0))) AND sad.IsActive = 1 AND (sad.IsTCIssued = 0 OR sad.IsTCIssued IS NULL)
531,fees,How does the fee collection efficiency compare across our different branch schools (if applicable)?,"BranchMaster,Branch_Academic_Details,FeesCollection,UserAccountMaster,UserAccountRoleDetails","admin,fees,other:rbac",,0,,0,,,,,,"SELECT bm.Name AS BranchName, COUNT(fc.Id) AS TotalReceipts, SUM(fc.Receipt_Amt) AS TotalCollection FROM FeesCollection fc JOIN BranchMaster bm ON fc.BranchID = bm.ID WHERE (fc.IsDeleted IS NULL OR fc.IsDeleted = 0) AND fc.ChequeStatus_ID NOT IN (3, 4) AND fc.AcademicYearID IN (SELECT Id FROM Branch_Academic_Details WHERE GETDATE() BETWEEN Start_Date AND End_Date AND Branch_Id IN (SELECT BranchID FROM UserAccountRoleDetails WHERE UserID = @UserId AND (@SelectedBranchId IS NULL OR BranchID = @SelectedBranchId) UNION SELECT ID FROM BranchMaster WHERE EXISTS (SELECT 1 FROM UserAccountMaster WHERE ID = @UserId AND IsSuperUser = 1) AND (@SelectedBranchId IS NULL OR ID = @SelectedBranchId) AND (IsDeleted IS NULL OR IsDeleted = 0))) AND fc.BranchID IN (SELECT BranchID FROM UserAccountRoleDetails WHERE UserID = @UserId AND (@SelectedBranchId IS NULL OR BranchID = @SelectedBranchId) UNION SELECT ID FROM BranchMaster WHERE EXISTS (SELECT 1 FROM UserAccountMaster WHERE ID = @UserId AND IsSuperUser = 1) AND (@SelectedBranchId IS NULL OR ID = @SelectedBranchId) AND (IsDeleted IS NULL OR IsDeleted = 0)) GROUP BY bm.Name ORDER BY TotalCollection DESC"
530,students/general,What is the total amount of refunds processed for withdrawn students this term?,"BranchMaster,Branch_Academic_Details,RefundReceipt,UserAccountMaster,UserAccountRoleDetails","admin,fees,other:rbac",,0,,0,,,,,,"SELECT ISNULL(SUM(Refund_Amt), 0) AS TotalRefunds FROM RefundReceipt WHERE BranchID IN (SELECT BranchID FROM UserAccountRoleDetails WHERE UserID = @UserId AND (@SelectedBranchId IS NULL OR BranchID = @SelectedBranchId) UNION SELECT ID FROM BranchMaster WHERE EXISTS (SELECT 1 FROM UserAccountMaster WHERE ID = @UserId AND IsSuperUser = 1) AND (@SelectedBranchId IS NULL OR ID = @SelectedBranchId) AND (IsDeleted IS NULL OR IsDeleted = 0)) AND AcademicYearID IN (SELECT Id FROM Branch_Academic_Details WHERE GETDATE() BETWEEN Start_Date AND End_Date AND Branch_Id IN (SELECT BranchID FROM UserAccountRoleDetails WHERE UserID = @UserId AND (@SelectedBranchId IS NULL OR BranchID = @SelectedBranchId) UNION SELECT ID FROM BranchMaster WHERE EXISTS (SELECT 1 FROM UserAccountMaster WHERE ID = @UserId AND IsSuperUser = 1) AND (@SelectedBranchId IS NULL OR ID = @SelectedBranchId) AND (IsDeleted IS NULL OR IsDeleted = 0)))"
529,fees,"Which payment mode (UPI, credit card, net banking, cash) is most frequently used by parents?","BranchMaster,Branch_Academic_Details,CollectionMode_Master,FeesCollection,UserAccountMaster,UserAccountRoleDetails","admin,fees,other:rbac",,0,,0,,,,,,"SELECT TOP 1 cmm.Name AS PaymentMode, COUNT(*) AS TransactionCount FROM FeesCollection fc INNER JOIN CollectionMode_Master cmm ON fc.Collection_Mode_ID = cmm.ID WHERE (fc.IsDeleted IS NULL OR fc.IsDeleted = 0) AND fc.ChequeStatus_ID NOT IN (3, 4) AND fc.BranchID IN (SELECT BranchID FROM UserAccountRoleDetails WHERE UserID = @UserId AND (@SelectedBranchId IS NULL OR BranchID = @SelectedBranchId) UNION SELECT ID FROM BranchMaster WHERE EXISTS (SELECT 1 FROM UserAccountMaster WHERE ID = @UserId AND IsSuperUser = 1) AND (@SelectedBranchId IS NULL OR ID = @SelectedBranchId) AND (IsDeleted IS NULL OR IsDeleted = 0)) AND fc.AcademicYearID IN (SELECT Id FROM Branch_Academic_Details WHERE GETDATE() BETWEEN Start_Date AND End_Date AND Branch_Id IN (SELECT BranchID FROM UserAccountRoleDetails WHERE UserID = @UserId AND (@SelectedBranchId IS NULL OR BranchID = @SelectedBranchId) UNION SELECT ID FROM BranchMaster WHERE EXISTS (SELECT 1 FROM UserAccountMaster WHERE ID = @UserId AND IsSuperUser = 1) AND (@SelectedBranchId IS NULL OR ID = @SelectedBranchId) AND (IsDeleted IS NULL OR IsDeleted = 0))) GROUP BY cmm.Name ORDER BY TransactionCount DESC"
528,fees,How much GST is applicable and has been collected on the development fee this quarter?,"BranchMaster,Branch_Academic_Details,FeesCollection,FeesCollection_Details,UserAccountMaster,UserAccountRoleDetails","admin,fees,other:rbac",,0,,0,,,,,,"SELECT SUM(fcd.GSTAmount) AS TotalGSTCollected FROM FeesCollection_Details fcd INNER JOIN FeesCollection fc ON fcd.Fees_Collection_ID = fc.Id WHERE fcd.BranchID IN (SELECT BranchID FROM UserAccountRoleDetails WHERE UserID = @UserId AND (@SelectedBranchId IS NULL OR BranchID = @SelectedBranchId) UNION SELECT ID FROM BranchMaster WHERE EXISTS (SELECT 1 FROM UserAccountMaster WHERE ID = @UserId AND IsSuperUser = 1) AND (@SelectedBranchId IS NULL OR ID = @SelectedBranchId) AND (IsDeleted IS NULL OR IsDeleted = 0)) AND fcd.AcademicYearID IN (SELECT Id FROM Branch_Academic_Details WHERE GETDATE() BETWEEN Start_Date AND End_Date AND Branch_Id IN (SELECT BranchID FROM UserAccountRoleDetails WHERE UserID = @UserId AND (@SelectedBranchId IS NULL OR BranchID = @SelectedBranchId) UNION SELECT ID FROM BranchMaster WHERE EXISTS (SELECT 1 FROM UserAccountMaster WHERE ID = @UserId AND IsSuperUser = 1) AND (@SelectedBranchId IS NULL OR ID = @SelectedBranchId) AND (IsDeleted IS NULL OR IsDeleted = 0))) AND fcd.FeesType_Name LIKE '%Development%' AND MONTH(fc.Bill_Date) IN (MONTH(GETDATE()), MONTH(GETDATE())-1, MONTH(GETDATE())-2) AND YEAR(fc.Bill_Date) = YEAR(GETDATE()) AND (fc.IsDeleted IS NULL OR fc.IsDeleted = 0) AND fc.ChequeStatus_ID NOT IN (3, 4)"
526,fees,Are there any discrepancies between bank deposits and ERP fee receipts this week?,"BranchMaster,CollectionMode_Master,FeesCollection,UserAccountMaster,UserAccountRoleDetails","admin,fees,other:rbac",,0,,0,,,,,,"SELECT SUM(fc.Receipt_Amt) AS ERPReceipts FROM FeesCollection fc WHERE (fc.IsDeleted IS NULL OR fc.IsDeleted = 0) AND fc.ChequeStatus_ID NOT IN (3, 4) AND fc.Collection_Mode_ID IN (SELECT ID FROM CollectionMode_Master WHERE Name = 'Bank Online Transfer') AND fc.Bill_Date >= DATEADD(DAY, -DATEPART(WEEKDAY, GETDATE()) + 1, CAST(GETDATE() AS DATE)) AND fc.BranchID IN (SELECT BranchID FROM UserAccountRoleDetails WHERE UserID = @UserId AND (@SelectedBranchId IS NULL OR BranchID = @SelectedBranchId) UNION SELECT ID FROM BranchMaster WHERE EXISTS (SELECT 1 FROM UserAccountMaster WHERE ID = @UserId AND IsSuperUser = 1) AND (@SelectedBranchId IS NULL OR ID = @SelectedBranchId) AND (IsDeleted IS NULL OR IsDeleted = 0))"
523,fees,"What is the breakdown of collected fees by category (tuition, transport, development, exam)?","BranchMaster,Branch_Academic_Details,FeesCollection,FeesCollection_Details,UserAccountMaster,UserAccountRoleDetails","admin,fees,other:rbac",,0,,0,,,,,,"SELECT fcd.FeesCategory_Name, SUM(fcd.Paid_Amt) AS TotalCollected FROM FeesCollection_Details fcd JOIN FeesCollection fc ON fcd.Fees_Collection_ID = fc.Id WHERE (fc.IsDeleted IS NULL OR fc.IsDeleted = 0) AND fc.ChequeStatus_ID NOT IN (3, 4) AND fcd.BranchID IN (SELECT BranchID FROM UserAccountRoleDetails WHERE UserID = @UserId AND (@SelectedBranchId IS NULL OR BranchID = @SelectedBranchId) UNION SELECT ID FROM BranchMaster WHERE EXISTS (SELECT 1 FROM UserAccountMaster WHERE ID = @UserId AND IsSuperUser = 1) AND (@SelectedBranchId IS NULL OR ID = @SelectedBranchId) AND (IsDeleted IS NULL OR IsDeleted = 0)) AND fcd.AcademicYearID IN (SELECT Id FROM Branch_Academic_Details WHERE GETDATE() BETWEEN Start_Date AND End_Date AND Branch_Id IN (SELECT BranchID FROM UserAccountRoleDetails WHERE UserID = @UserId AND (@SelectedBranchId IS NULL OR BranchID = @SelectedBranchId) UNION SELECT ID FROM BranchMaster WHERE EXISTS (SELECT 1 FROM UserAccountMaster WHERE ID = @UserId AND IsSuperUser = 1) AND (@SelectedBranchId IS NULL OR ID = @SelectedBranchId) AND (IsDeleted IS NULL OR IsDeleted = 0))) GROUP BY fcd.FeesCategory_Name ORDER BY TotalCollected DESC"
521,fees,What is the month-on-month trend in fee collection over the last 6 months?,"BranchMaster,Branch_Academic_Details,FeesCollection,UserAccountMaster,UserAccountRoleDetails","admin,fees,other:rbac",,0,,0,,,,,,"SELECT FORMAT(fc.Bill_Date, 'MM-yyyy') AS Month, SUM(fc.Receipt_Amt) AS TotalCollection FROM FeesCollection fc WHERE (fc.IsDeleted IS NULL OR fc.IsDeleted = 0) AND fc.ChequeStatus_ID NOT IN (3, 4) AND fc.BranchID IN (SELECT BranchID FROM UserAccountRoleDetails WHERE UserID = @UserId AND (@SelectedBranchId IS NULL OR BranchID = @SelectedBranchId) UNION SELECT ID FROM BranchMaster WHERE EXISTS (SELECT 1 FROM UserAccountMaster WHERE ID = @UserId AND IsSuperUser = 1) AND (@SelectedBranchId IS NULL OR ID = @SelectedBranchId) AND (IsDeleted IS NULL OR IsDeleted = 0)) AND fc.AcademicYearID IN (SELECT Id FROM Branch_Academic_Details WHERE GETDATE() BETWEEN Start_Date AND End_Date AND Branch_Id IN (SELECT BranchID FROM UserAccountRoleDetails WHERE UserID = @UserId AND (@SelectedBranchId IS NULL OR BranchID = @SelectedBranchId) UNION SELECT ID FROM BranchMaster WHERE EXISTS (SELECT 1 FROM UserAccountMaster WHERE ID = @UserId AND IsSuperUser = 1) AND (@SelectedBranchId IS NULL OR ID = @SelectedBranchId) AND (IsDeleted IS NULL OR IsDeleted = 0))) GROUP BY FORMAT(fc.Bill_Date, 'MM-yyyy') ORDER BY Month DESC"
519,fees,What is the total outstanding pending fee amount across the entire school?,"BranchMaster,Branch_Academic_Details,FeesInformationStudentDetail,UserAccountMaster,UserAccountRoleDetails","admin,fees,other:rbac",,0,,0,,,,,,"SELECT SUM(Amount - ISNULL(Concession_Amt, 0) - ISNULL(Paid_Amt, 0) - ISNULL(Lien_Amount, 0)) AS TotalOutstanding FROM FeesInformationStudentDetail WHERE IsIncludedInLumpSum <> 1 AND IsDonation = 0 AND AcademicYearID IN (SELECT Id FROM Branch_Academic_Details WHERE GETDATE() BETWEEN Start_Date AND End_Date AND Branch_Id IN (SELECT BranchID FROM UserAccountRoleDetails WHERE UserID = @UserId AND (@SelectedBranchId IS NULL OR BranchID = @SelectedBranchId) UNION SELECT ID FROM BranchMaster WHERE EXISTS (SELECT 1 FROM UserAccountMaster WHERE ID = @UserId AND IsSuperUser = 1) AND (@SelectedBranchId IS NULL OR ID = @SelectedBranchId) AND (IsDeleted IS NULL OR IsDeleted = 0))) AND BranchID IN (SELECT BranchID FROM UserAccountRoleDetails WHERE UserID = @UserId AND (@SelectedBranchId IS NULL OR BranchID = @SelectedBranchId) UNION SELECT ID FROM BranchMaster WHERE EXISTS (SELECT 1 FROM UserAccountMaster WHERE ID = @UserId AND IsSuperUser = 1) AND (@SelectedBranchId IS NULL OR ID = @SelectedBranchId) AND (IsDeleted IS NULL OR IsDeleted = 0))"
518,fees,Which class or section has the highest number of fee defaulters right now?,"BranchMaster,Branch_Academic_Details,ClassMaster,FeesCollection,FeesCollection_Details,SectionMaster,UserAccountMaster,UserAccountRoleDetails","admin,fees,other:rbac,students",,0,,0,,,,,,"SELECT TOP 1 cm.Name AS ClassName, secm.Name AS SectionName, COUNT(DISTINCT fc.Student_ID) AS DefaulterCount FROM FeesCollection_Details fcd INNER JOIN FeesCollection fc ON fcd.Fees_Collection_ID = fc.Id INNER JOIN ClassMaster cm ON fc.Class_ID = cm.ID INNER JOIN SectionMaster secm ON fc.Section_ID = secm.ID WHERE (fc.IsDeleted IS NULL OR fc.IsDeleted = 0) AND fc.ChequeStatus_ID NOT IN (3, 4) AND fcd.Remaining_Amt > 0 AND fcd.AcademicYearID IN (SELECT Id FROM Branch_Academic_Details WHERE GETDATE() BETWEEN Start_Date AND End_Date AND Branch_Id IN (SELECT BranchID FROM UserAccountRoleDetails WHERE UserID = @UserId AND (@SelectedBranchId IS NULL OR BranchID = @SelectedBranchId) UNION SELECT ID FROM BranchMaster WHERE EXISTS (SELECT 1 FROM UserAccountMaster WHERE ID = @UserId AND IsSuperUser = 1) AND (@SelectedBranchId IS NULL OR ID = @SelectedBranchId) AND (IsDeleted IS NULL OR IsDeleted = 0))) AND fcd.BranchID IN (SELECT BranchID FROM UserAccountRoleDetails WHERE UserID = @UserId AND (@SelectedBranchId IS NULL OR BranchID = @SelectedBranchId) UNION SELECT ID FROM BranchMaster WHERE EXISTS (SELECT 1 FROM UserAccountMaster WHERE ID = @UserId AND IsSuperUser = 1) AND (@SelectedBranchId IS NULL OR ID = @SelectedBranchId) AND (IsDeleted IS NULL OR IsDeleted = 0)) GROUP BY cm.Name, secm.Name ORDER BY DefaulterCount DESC"
517,fees,What is the total fee collection percentage for the current academic quarter?,"BranchMaster,FeesCollection,FeesCollection_Details,UserAccountMaster,UserAccountRoleDetails","admin,fees,other:rbac",,1,FEE-007:Fee query omits AcademicYearID filter (returns all-time data).,0,,,,,,"SELECT CAST(SUM(fcd.Paid_Amt) * 100.0 / NULLIF(SUM(fcd.Fees_Amount), 0) AS DECIMAL(5,2)) AS QuarterCollectionPercent FROM FeesCollection_Details fcd JOIN FeesCollection fc ON fcd.Fees_Collection_ID = fc.Id WHERE (fc.IsDeleted IS NULL OR fc.IsDeleted = 0) AND fc.ChequeStatus_ID NOT IN (3, 4) AND DATEPART(QUARTER, fc.Bill_Date) = DATEPART(QUARTER, GETDATE()) AND YEAR(fc.Bill_Date) = YEAR(GETDATE()) AND fc.BranchID IN (SELECT BranchID FROM UserAccountRoleDetails WHERE UserID = @UserId AND (@SelectedBranchId IS NULL OR BranchID = @SelectedBranchId) UNION SELECT ID FROM BranchMaster WHERE EXISTS (SELECT 1 FROM UserAccountMaster WHERE ID = @UserId AND IsSuperUser = 1) AND (@SelectedBranchId IS NULL OR ID = @SelectedBranchId) AND (IsDeleted IS NULL OR IsDeleted = 0))"
516,students/general,category wise student count general obc sc st,"BranchMaster,Branch_Academic_Details,StudentAcademicDetail,Student_Master,UserAccountMaster,UserAccountRoleDetails","admin,other:rbac,students",,0,,0,,,,,,"SELECT sm.Community_Name, COUNT(DISTINCT sad.StudentID) AS StudentCount FROM StudentAcademicDetail sad JOIN Student_Master sm ON sad.StudentID = sm.ID JOIN Branch_Academic_Details bad ON sad.AcademicYearID = bad.Id WHERE GETDATE() BETWEEN bad.Start_Date AND bad.End_Date AND sad.IsActive = 1 AND (sad.IsTCIssued = 0 OR sad.IsTCIssued IS NULL) AND sm.BranchID IN (SELECT BranchID FROM UserAccountRoleDetails WHERE UserID = @UserId AND (@SelectedBranchId IS NULL OR BranchID = @SelectedBranchId) UNION SELECT ID FROM BranchMaster WHERE EXISTS (SELECT 1 FROM UserAccountMaster WHERE ID = @UserId AND IsSuperUser = 1) AND (@SelectedBranchId IS NULL OR ID = @SelectedBranchId) AND (IsDeleted IS NULL OR IsDeleted = 0)) GROUP BY sm.Community_Name ORDER BY StudentCount DESC"
515,students/general,list students who joined mid year,"BranchMaster,Branch_Academic_Details,ClassMaster,SectionMaster,StudentAcademicDetail,Student_Master,UserAccountMaster,UserAccountRoleDetails","admin,other:rbac,students",,0,,0,,,,,,"SELECT sm.AdmissionNo, ISNULL(sm.FirstName, '') + ' ' + ISNULL(sm.MiddleName, '') + ' ' + ISNULL(sm.LastName, '') AS StudentName, cm.Name AS ClassName, sm.AdmissionDate, secm.Name AS SectionName FROM StudentAcademicDetail sad INNER JOIN Student_Master sm ON sad.StudentID = sm.ID INNER JOIN ClassMaster cm ON sad.ClassID = cm.ID JOIN SectionMaster secm ON sad.SectionID = secm.ID WHERE sad.AcademicYearID IN (SELECT Id FROM Branch_Academic_Details WHERE GETDATE() BETWEEN Start_Date AND End_Date AND Branch_Id IN (SELECT BranchID FROM UserAccountRoleDetails WHERE UserID = @UserId AND (@SelectedBranchId IS NULL OR BranchID = @SelectedBranchId) UNION SELECT ID FROM BranchMaster WHERE EXISTS (SELECT 1 FROM UserAccountMaster WHERE ID = @UserId AND IsSuperUser = 1) AND (@SelectedBranchId IS NULL OR ID = @SelectedBranchId) AND (IsDeleted IS NULL OR IsDeleted = 0))) AND sm.BranchID IN (SELECT BranchID FROM UserAccountRoleDetails WHERE UserID = @UserId AND (@SelectedBranchId IS NULL OR BranchID = @SelectedBranchId) UNION SELECT ID FROM BranchMaster WHERE EXISTS (SELECT 1 FROM UserAccountMaster WHERE ID = @UserId AND IsSuperUser = 1) AND (@SelectedBranchId IS NULL OR ID = @SelectedBranchId) AND (IsDeleted IS NULL OR IsDeleted = 0)) AND sad.IsActive = 1 AND (sad.IsTCIssued = 0 OR sad.IsTCIssued IS NULL) AND sm.AdmissionDate > (SELECT Start_Date FROM Branch_Academic_Details WHERE Id = sad.AcademicYearID AND Branch_Id = sm.BranchID) ORDER BY sm.AdmissionDate"
512,students/general,which class has maximum strength,"BranchMaster,Branch_Academic_Details,ClassMaster,StudentAcademicDetail,UserAccountMaster,UserAccountRoleDetails","admin,other:rbac,students",,0,,0,,,,,,"SELECT TOP 1 cm.Name AS ClassName, COUNT(*) AS StudentCount FROM StudentAcademicDetail sad JOIN ClassMaster cm ON sad.ClassID = cm.ID WHERE sad.IsActive = 1 AND (sad.IsTCIssued = 0 OR sad.IsTCIssued IS NULL) AND sad.AcademicYearID IN (SELECT Id FROM Branch_Academic_Details WHERE GETDATE() BETWEEN Start_Date AND End_Date AND Branch_Id IN (SELECT BranchID FROM UserAccountRoleDetails WHERE UserID = @UserId AND (@SelectedBranchId IS NULL OR BranchID = @SelectedBranchId) UNION SELECT ID FROM BranchMaster WHERE EXISTS (SELECT 1 FROM UserAccountMaster WHERE ID = @UserId AND IsSuperUser = 1) AND (@SelectedBranchId IS NULL OR ID = @SelectedBranchId) AND (IsDeleted IS NULL OR IsDeleted = 0))) GROUP BY cm.Name ORDER BY COUNT(*) DESC"
511,students/general,age wise how many students below 5 years,"BranchMaster,Branch_Academic_Details,StudentAcademicDetail,Student_Master,UserAccountMaster,UserAccountRoleDetails","admin,other:rbac,students",,0,,0,,,,,,"SELECT DATEDIFF(YEAR, sm.StudentDob, GETDATE()) AS age, COUNT(*) AS student_count FROM StudentAcademicDetail sad JOIN Student_Master sm ON sad.StudentID = sm.ID WHERE sad.IsActive = 1 AND (sad.IsTCIssued = 0 OR sad.IsTCIssued IS NULL) AND DATEDIFF(YEAR, sm.StudentDob, GETDATE()) < 5 AND sad.AcademicYearID IN (SELECT Id FROM Branch_Academic_Details WHERE GETDATE() BETWEEN Start_Date AND End_Date AND Branch_Id IN (SELECT BranchID FROM UserAccountRoleDetails WHERE UserID = @UserId AND (@SelectedBranchId IS NULL OR BranchID = @SelectedBranchId) UNION SELECT ID FROM BranchMaster WHERE EXISTS (SELECT 1 FROM UserAccountMaster WHERE ID = @UserId AND IsSuperUser = 1) AND (@SelectedBranchId IS NULL OR ID = @SelectedBranchId) AND (IsDeleted IS NULL OR IsDeleted = 0))) GROUP BY DATEDIFF(YEAR, sm.StudentDob, GETDATE()) ORDER BY age"
509,students/general,students who are also school alumni siblings,"BranchMaster,Branch_Academic_Details,ClassMaster,SectionMaster,StudentAcademicDetail,Student_Master,UserAccountMaster,UserAccountRoleDetails","admin,other:rbac,students",,0,,0,,,,,,"SELECT sm.ID, ISNULL(sm.FirstName, '') + ' ' + ISNULL(sm.MiddleName, '') + ' ' + ISNULL(sm.LastName, '') AS StudentName, sm.AdmissionNo, sad.ClassName, secm.Name AS SectionName FROM Student_Master sm INNER JOIN StudentAcademicDetail sad ON sm.ID = sad.StudentID JOIN ClassMaster cm ON sad.ClassID = cm.ID JOIN SectionMaster secm ON sad.SectionID = secm.ID WHERE sm.BranchID IN (SELECT BranchID FROM UserAccountRoleDetails WHERE UserID = @UserId AND (@SelectedBranchId IS NULL OR BranchID = @SelectedBranchId) UNION SELECT ID FROM BranchMaster WHERE EXISTS (SELECT 1 FROM UserAccountMaster WHERE ID = @UserId AND IsSuperUser = 1) AND (@SelectedBranchId IS NULL OR ID = @SelectedBranchId) AND (IsDeleted IS NULL OR IsDeleted = 0)) AND sad.AcademicYearID IN (SELECT Id FROM Branch_Academic_Details WHERE GETDATE() BETWEEN Start_Date AND End_Date AND Branch_Id IN (SELECT BranchID FROM UserAccountRoleDetails WHERE UserID = @UserId AND (@SelectedBranchId IS NULL OR BranchID = @SelectedBranchId) UNION SELECT ID FROM BranchMaster WHERE EXISTS (SELECT 1 FROM UserAccountMaster WHERE ID = @UserId AND IsSuperUser = 1) AND (@SelectedBranchId IS NULL OR ID = @SelectedBranchId) AND (IsDeleted IS NULL OR IsDeleted = 0))) AND sad.IsActive = 1 AND (sad.IsTCIssued = 0 OR sad.IsTCIssued IS NULL) AND sm.AdmissionDate < DATEADD(YEAR, -5, GETDATE())"
507,students/general,how many students in each section average,"BranchMaster,Branch_Academic_Details,SectionMaster,StudentAcademicDetail,UserAccountMaster,UserAccountRoleDetails","admin,other:rbac,students",,0,,0,,,,,,"SELECT sad.ClassName, secm.Name AS SectionName, COUNT(sad.StudentID) AS StudentCount FROM StudentAcademicDetail sad INNER JOIN SectionMaster secm ON sad.SectionID = secm.ID WHERE sad.AcademicYearID IN (SELECT Id FROM Branch_Academic_Details WHERE GETDATE() BETWEEN Start_Date AND End_Date AND Branch_Id IN (SELECT BranchID FROM UserAccountRoleDetails WHERE UserID = @UserId AND (@SelectedBranchId IS NULL OR BranchID = @SelectedBranchId) UNION SELECT ID FROM BranchMaster WHERE EXISTS (SELECT 1 FROM UserAccountMaster WHERE ID = @UserId AND IsSuperUser = 1) AND (@SelectedBranchId IS NULL OR ID = @SelectedBranchId) AND (IsDeleted IS NULL OR IsDeleted = 0))) AND sad.IsActive = 1 AND (sad.IsTCIssued = 0 OR sad.IsTCIssued IS NULL) GROUP BY sad.ClassID, sad.ClassName, secm.Name ORDER BY sad.ClassID, secm.Name"
504,students/general,boys girls ratio in school,"BranchMaster,Branch_Academic_Details,StudentAcademicDetail,Student_Master,UserAccountMaster,UserAccountRoleDetails","admin,other:rbac,students",,0,,0,,,,,,"SELECT sm.Gender, COUNT(*) AS total FROM Student_Master sm INNER JOIN StudentAcademicDetail sad ON sm.ID = sad.StudentID WHERE sad.IsActive = 1 AND (sad.IsTCIssued = 0 OR sad.IsTCIssued IS NULL) AND sad.AcademicYearID IN (SELECT Id FROM Branch_Academic_Details WHERE GETDATE() BETWEEN Start_Date AND End_Date AND Branch_Id IN (SELECT BranchID FROM UserAccountRoleDetails WHERE UserID = @UserId AND (@SelectedBranchId IS NULL OR BranchID = @SelectedBranchId) UNION SELECT ID FROM BranchMaster WHERE EXISTS (SELECT 1 FROM UserAccountMaster WHERE ID = @UserId AND IsSuperUser = 1) AND (@SelectedBranchId IS NULL OR ID = @SelectedBranchId) AND (IsDeleted IS NULL OR IsDeleted = 0))) GROUP BY sm.Gender"
503,admissions,how many students left or TC taken this year,"BranchMaster,Branch_Academic_Details,StudentAcademicDetail,UserAccountMaster,UserAccountRoleDetails","admin,other:rbac,students",Q[admissions] vs SQL[students],0,,0,,,,,,SELECT COUNT(*) AS StudentsLeft FROM StudentAcademicDetail sad WHERE sad.AcademicYearID IN (SELECT Id FROM Branch_Academic_Details WHERE GETDATE() BETWEEN Start_Date AND End_Date AND Branch_Id IN (SELECT BranchID FROM UserAccountRoleDetails WHERE UserID = @UserId AND (@SelectedBranchId IS NULL OR BranchID = @SelectedBranchId) UNION SELECT ID FROM BranchMaster WHERE EXISTS (SELECT 1 FROM UserAccountMaster WHERE ID = @UserId AND IsSuperUser = 1) AND (@SelectedBranchId IS NULL OR ID = @SelectedBranchId) AND (IsDeleted IS NULL OR IsDeleted = 0))) AND sad.IsTCIssued = 1
502,students/general,how many new admissions this year,"BranchMaster,Branch_Academic_Details,StudentAcademicDetail,UserAccountMaster,UserAccountRoleDetails","admin,other:rbac,students",,0,,0,,,,,,SELECT COUNT(DISTINCT sad.StudentID) AS NewAdmissions FROM StudentAcademicDetail sad JOIN Branch_Academic_Details bad ON sad.AcademicYearID = bad.Id WHERE sad.IsNewAdmission = 1 AND GETDATE() BETWEEN bad.Start_Date AND bad.End_Date AND sad.IsActive = 1 AND (sad.IsTCIssued = 0 OR sad.IsTCIssued IS NULL) AND bad.Branch_Id IN (SELECT BranchID FROM UserAccountRoleDetails WHERE UserID = @UserId AND (@SelectedBranchId IS NULL OR BranchID = @SelectedBranchId) UNION SELECT ID FROM BranchMaster WHERE EXISTS (SELECT 1 FROM UserAccountMaster WHERE ID = @UserId AND IsSuperUser = 1) AND (@SelectedBranchId IS NULL OR ID = @SelectedBranchId) AND (IsDeleted IS NULL OR IsDeleted = 0))
501,students/general,class wise strength give me quickly,"BranchMaster,Branch_Academic_Details,ClassMaster,StudentAcademicDetail,UserAccountMaster,UserAccountRoleDetails","admin,other:rbac,students",,0,,0,,,,,,"SELECT cm.Name AS ClassName, COUNT(DISTINCT sad.StudentID) AS Strength FROM StudentAcademicDetail sad JOIN ClassMaster cm ON sad.ClassID = cm.ID JOIN Branch_Academic_Details bad ON sad.AcademicYearID = bad.Id WHERE GETDATE() BETWEEN bad.Start_Date AND bad.End_Date AND sad.IsActive = 1 AND (sad.IsTCIssued = 0 OR sad.IsTCIssued IS NULL) AND bad.Branch_Id IN (SELECT BranchID FROM UserAccountRoleDetails WHERE UserID = @UserId AND (@SelectedBranchId IS NULL OR BranchID = @SelectedBranchId) UNION SELECT ID FROM BranchMaster WHERE EXISTS (SELECT 1 FROM UserAccountMaster WHERE ID = @UserId AND IsSuperUser = 1) AND (@SelectedBranchId IS NULL OR ID = @SelectedBranchId) AND (IsDeleted IS NULL OR IsDeleted = 0)) GROUP BY cm.Name, cm.DisplayOrder ORDER BY cm.DisplayOrder"
500,students/general,how many students total in school right now,"BranchMaster,Branch_Academic_Details,StudentAcademicDetail,UserAccountMaster,UserAccountRoleDetails","admin,other:rbac,students",,0,,0,,,,,,SELECT COUNT(*) AS TotalStudents FROM StudentAcademicDetail sad WHERE sad.AcademicYearID IN (SELECT Id FROM Branch_Academic_Details WHERE GETDATE() BETWEEN Start_Date AND End_Date AND Branch_Id IN (SELECT BranchID FROM UserAccountRoleDetails WHERE UserID = @UserId AND (@SelectedBranchId IS NULL OR BranchID = @SelectedBranchId) UNION SELECT ID FROM BranchMaster WHERE EXISTS (SELECT 1 FROM UserAccountMaster WHERE ID = @UserId AND IsSuperUser = 1) AND (@SelectedBranchId IS NULL OR ID = @SelectedBranchId) AND (IsDeleted IS NULL OR IsDeleted = 0))) AND sad.IsActive = 1 AND (sad.IsTCIssued = 0 OR sad.IsTCIssued IS NULL)
482,transport,students dropped transport this year count,"BranchMaster,Branch_Academic_Details,StudentAcademicDetail,UserAccountMaster,UserAccountRoleDetails","admin,other:rbac,students",Q[transport] vs SQL[students],0,,0,,,,,,SELECT COUNT(*) AS TransportDropped FROM StudentAcademicDetail sad WHERE sad.AcademicYearID IN (SELECT Id FROM Branch_Academic_Details WHERE GETDATE() BETWEEN Start_Date AND End_Date AND Branch_Id IN (SELECT BranchID FROM UserAccountRoleDetails WHERE UserID = @UserId AND (@SelectedBranchId IS NULL OR BranchID = @SelectedBranchId) UNION SELECT ID FROM BranchMaster WHERE EXISTS (SELECT 1 FROM UserAccountMaster WHERE ID = @UserId AND IsSuperUser = 1) AND (@SelectedBranchId IS NULL OR ID = @SelectedBranchId) AND (IsDeleted IS NULL OR IsDeleted = 0))) AND sad.IsActive = 0 AND sad.IsTCIssued = 1 AND sad.TransportRequired = 1
480,transport,how many students changed route this term,"BranchMaster,Branch_Academic_Details,StudentAcademicDetail,UserAccountMaster,UserAccountRoleDetails","admin,other:rbac,students",Q[transport] vs SQL[students],0,,0,,,,,,SELECT COUNT(DISTINCT sad.StudentID) AS StudentsChangedRoute FROM StudentAcademicDetail sad INNER JOIN Branch_Academic_Details bad ON sad.AcademicYearID = bad.Id WHERE GETDATE() BETWEEN bad.Start_Date AND bad.End_Date AND sad.TransportRequired = 1 AND (sad.IsTCIssued = 0 OR sad.IsTCIssued IS NULL) AND bad.Branch_Id IN (SELECT BranchID FROM UserAccountRoleDetails WHERE UserID = @UserId AND (@SelectedBranchId IS NULL OR BranchID = @SelectedBranchId) UNION SELECT ID FROM BranchMaster WHERE EXISTS (SELECT 1 FROM UserAccountMaster WHERE ID = @UserId AND IsSuperUser = 1) AND (@SelectedBranchId IS NULL OR ID = @SelectedBranchId) AND (IsDeleted IS NULL OR IsDeleted = 0))
479,fees,transport collection vs transport expense are we losing,"BranchMaster,Branch_Academic_Details,FeesCollection_Details,Fees_Master,UserAccountMaster,UserAccountRoleDetails","admin,fees,other:rbac",,0,,0,,,,,,SELECT SUM(fcd.Paid_Amt) AS TransportCollection FROM FeesCollection_Details fcd INNER JOIN Fees_Master fm ON fcd.Fees_Head_ID = fm.ID WHERE fm.Name LIKE '%Transport%' AND fcd.BranchID IN (SELECT BranchID FROM UserAccountRoleDetails WHERE UserID = @UserId AND (@SelectedBranchId IS NULL OR BranchID = @SelectedBranchId) UNION SELECT ID FROM BranchMaster WHERE EXISTS (SELECT 1 FROM UserAccountMaster WHERE ID = @UserId AND IsSuperUser = 1) AND (@SelectedBranchId IS NULL OR ID = @SelectedBranchId) AND (IsDeleted IS NULL OR IsDeleted = 0)) AND fcd.AcademicYearID IN (SELECT Id FROM Branch_Academic_Details WHERE GETDATE() BETWEEN Start_Date AND End_Date AND Branch_Id IN (SELECT BranchID FROM UserAccountRoleDetails WHERE UserID = @UserId AND (@SelectedBranchId IS NULL OR BranchID = @SelectedBranchId) UNION SELECT ID FROM BranchMaster WHERE EXISTS (SELECT 1 FROM UserAccountMaster WHERE ID = @UserId AND IsSuperUser = 1) AND (@SelectedBranchId IS NULL OR ID = @SelectedBranchId) AND (IsDeleted IS NULL OR IsDeleted = 0)))
475,transport,which route longest and how many kids,"BoardingPoint_Master,BranchMaster,Route_Master,Route_MasterDetails,UserAccountMaster,UserAccountRoleDetails","admin,other:rbac,transport",,0,,0,,,,,,"SELECT TOP 1 rm.Name AS RouteName, COUNT(rmd.Id) AS StudentCount FROM Route_Master rm INNER JOIN Route_MasterDetails rmd ON rm.ID = rmd.Route_ID INNER JOIN BoardingPoint_Master bpm ON rmd.BoardingPoint_ID = bpm.Id WHERE rm.IsDeleted = 0 AND rm.BranchID IN (SELECT BranchID FROM UserAccountRoleDetails WHERE UserID = @UserId AND (@SelectedBranchId IS NULL OR BranchID = @SelectedBranchId) UNION SELECT ID FROM BranchMaster WHERE EXISTS (SELECT 1 FROM UserAccountMaster WHERE ID = @UserId AND IsSuperUser = 1) AND (@SelectedBranchId IS NULL OR ID = @SelectedBranchId) AND (IsDeleted IS NULL OR IsDeleted = 0)) GROUP BY rm.Name ORDER BY StudentCount DESC"
473,transport,transport students who left but still in list,"BranchMaster,ClassMaster,SectionMaster,Student_Master,TCRequest,UserAccountMaster,UserAccountRoleDetails","admin,other:rbac,students",Q[transport] vs SQL[students],0,,0,,,,,,"SELECT sm.AdmissionNo, ISNULL(sm.FirstName, '') + ' ' + ISNULL(sm.MiddleName, '') + ' ' + ISNULL(sm.LastName, '') AS StudentName, cm.Name AS ClassName, secm.Name AS SectionName FROM TCRequest tcr INNER JOIN Student_Master sm ON tcr.StudentID = sm.ID INNER JOIN ClassMaster cm ON tcr.ClassID = cm.ID JOIN SectionMaster secm ON tcr.SectionID = secm.ID WHERE tcr.TC_Status = 'Issued' AND (tcr.IsDeleted IS NULL OR tcr.IsDeleted = 0) AND tcr.BranchID IN (SELECT BranchID FROM UserAccountRoleDetails WHERE UserID = @UserId AND (@SelectedBranchId IS NULL OR BranchID = @SelectedBranchId) UNION SELECT ID FROM BranchMaster WHERE EXISTS (SELECT 1 FROM UserAccountMaster WHERE ID = @UserId AND IsSuperUser = 1) AND (@SelectedBranchId IS NULL OR ID = @SelectedBranchId) AND (IsDeleted IS NULL OR IsDeleted = 0))"
472,students/general,routes with very few students not profitable,"BranchMaster,Branch_Academic_Details,BusFeeStrucure,Route_Master,UserAccountMaster,UserAccountRoleDetails","admin,fees,other:rbac,transport",,0,,0,,,,,,"SELECT rm.Name AS RouteName, COUNT(DISTINCT bfs.Student_ID) AS StudentCount FROM BusFeeStrucure bfs INNER JOIN Route_Master rm ON bfs.Route_ID = rm.ID WHERE bfs.IsDeleted = 0 AND bfs.BranchID IN (SELECT BranchID FROM UserAccountRoleDetails WHERE UserID = @UserId AND (@SelectedBranchId IS NULL OR BranchID = @SelectedBranchId) UNION SELECT ID FROM BranchMaster WHERE EXISTS (SELECT 1 FROM UserAccountMaster WHERE ID = @UserId AND IsSuperUser = 1) AND (@SelectedBranchId IS NULL OR ID = @SelectedBranchId) AND (IsDeleted IS NULL OR IsDeleted = 0)) AND bfs.AcademicYearID IN (SELECT Id FROM Branch_Academic_Details WHERE GETDATE() BETWEEN Start_Date AND End_Date AND Branch_Id IN (SELECT BranchID FROM UserAccountRoleDetails WHERE UserID = @UserId AND (@SelectedBranchId IS NULL OR BranchID = @SelectedBranchId) UNION SELECT ID FROM BranchMaster WHERE EXISTS (SELECT 1 FROM UserAccountMaster WHERE ID = @UserId AND IsSuperUser = 1) AND (@SelectedBranchId IS NULL OR ID = @SelectedBranchId) AND (IsDeleted IS NULL OR IsDeleted = 0))) GROUP BY rm.Name HAVING COUNT(DISTINCT bfs.Student_ID) < 5 ORDER BY StudentCount ASC"
471,transport,driver details and license expiry give me,"BranchMaster,Branch_Academic_Details,DriverMaster,UserAccountMaster,UserAccountRoleDetails","admin,other:rbac,transport",,0,,0,,,,,,"SELECT  Name, License_Number, License_Expiry_Date  FROM DriverMaster WHERE BranchID IN (SELECT  BranchID  FROM UserAccountRoleDetails WHERE UserID = @UserId AND (@SelectedBranchId IS NULL OR BranchID = @SelectedBranchId) UNION SELECT  ID  FROM BranchMaster WHERE EXISTS (SELECT  1  FROM UserAccountMaster WHERE ID = @UserId AND IsSuperUser = 1) AND (@SelectedBranchId IS NULL OR ID = @SelectedBranchId) AND (IsDeleted IS NULL OR IsDeleted = 0)) AND AcademicYearID IN (SELECT  Id  FROM Branch_Academic_Details WHERE GETDATE() BETWEEN Start_Date AND End_Date AND Branch_Id IN (SELECT  BranchID  FROM UserAccountRoleDetails WHERE UserID = @UserId AND (@SelectedBranchId IS NULL OR BranchID = @SelectedBranchId) UNION SELECT  ID  FROM BranchMaster WHERE EXISTS (SELECT  1  FROM UserAccountMaster WHERE ID = @UserId AND IsSuperUser = 1) AND (@SelectedBranchId IS NULL OR ID = @SelectedBranchId) AND (IsDeleted IS NULL OR IsDeleted = 0))) AND (IsDeleted = 0 OR IsDeleted IS NULL) ORDER BY License_Expiry_Date"
469,transport,how many students using transport total,"BranchMaster,Branch_Academic_Details,StudentAcademicDetail,UserAccountMaster,UserAccountRoleDetails","admin,other:rbac,students",Q[transport] vs SQL[students],0,,0,,,,,,SELECT COUNT(*) AS TransportStudents FROM StudentAcademicDetail sad WHERE sad.TransportRequired = 1 AND sad.AcademicYearID IN (SELECT Id FROM Branch_Academic_Details WHERE GETDATE() BETWEEN Start_Date AND End_Date AND Branch_Id IN (SELECT BranchID FROM UserAccountRoleDetails WHERE UserID = @UserId AND (@SelectedBranchId IS NULL OR BranchID = @SelectedBranchId) UNION SELECT ID FROM BranchMaster WHERE EXISTS (SELECT 1 FROM UserAccountMaster WHERE ID = @UserId AND IsSuperUser = 1) AND (@SelectedBranchId IS NULL OR ID = @SelectedBranchId) AND (IsDeleted IS NULL OR IsDeleted = 0))) AND sad.IsActive = 1 AND (sad.IsTCIssued = 0 OR sad.IsTCIssued IS NULL)
468,fees,transport fee pending student list route wise,"BranchMaster,Branch_Academic_Details,BusFeeStrucure,Route_Master,UserAccountMaster,UserAccountRoleDetails","admin,fees,other:rbac,transport",,0,,0,,,,,,"SELECT rm.Name AS RouteName, COUNT(DISTINCT bfs.Student_ID) AS PendingStudents FROM BusFeeStrucure bfs INNER JOIN Route_Master rm ON bfs.Route_ID = rm.ID WHERE bfs.IsDeleted = 0 AND bfs.BranchID IN (SELECT BranchID FROM UserAccountRoleDetails WHERE UserID = @UserId AND (@SelectedBranchId IS NULL OR BranchID = @SelectedBranchId) UNION SELECT ID FROM BranchMaster WHERE EXISTS (SELECT 1 FROM UserAccountMaster WHERE ID = @UserId AND IsSuperUser = 1) AND (@SelectedBranchId IS NULL OR ID = @SelectedBranchId) AND (IsDeleted IS NULL OR IsDeleted = 0)) AND bfs.AcademicYearID IN (SELECT Id FROM Branch_Academic_Details WHERE GETDATE() BETWEEN Start_Date AND End_Date AND Branch_Id IN (SELECT BranchID FROM UserAccountRoleDetails WHERE UserID = @UserId AND (@SelectedBranchId IS NULL OR BranchID = @SelectedBranchId) UNION SELECT ID FROM BranchMaster WHERE EXISTS (SELECT 1 FROM UserAccountMaster WHERE ID = @UserId AND IsSuperUser = 1) AND (@SelectedBranchId IS NULL OR ID = @SelectedBranchId) AND (IsDeleted IS NULL OR IsDeleted = 0))) GROUP BY rm.Name ORDER BY PendingStudents DESC"
467,transport,which route has most students,"BranchMaster,Branch_Academic_Details,BusFeeStrucure,Route_Master,UserAccountMaster,UserAccountRoleDetails","admin,fees,other:rbac,transport",,0,,0,,,,,,"SELECT TOP 1 rm.Name AS RouteName, COUNT(DISTINCT bfs.Student_ID) AS StudentCount FROM BusFeeStrucure bfs INNER JOIN Route_Master rm ON bfs.Route_ID = rm.ID WHERE bfs.IsDeleted = 0 AND bfs.BranchID IN (SELECT BranchID FROM UserAccountRoleDetails WHERE UserID = @UserId AND (@SelectedBranchId IS NULL OR BranchID = @SelectedBranchId) UNION SELECT ID FROM BranchMaster WHERE EXISTS (SELECT 1 FROM UserAccountMaster WHERE ID = @UserId AND IsSuperUser = 1) AND (@SelectedBranchId IS NULL OR ID = @SelectedBranchId) AND (IsDeleted IS NULL OR IsDeleted = 0)) AND bfs.AcademicYearID IN (SELECT Id FROM Branch_Academic_Details WHERE GETDATE() BETWEEN Start_Date AND End_Date AND Branch_Id IN (SELECT BranchID FROM UserAccountRoleDetails WHERE UserID = @UserId AND (@SelectedBranchId IS NULL OR BranchID = @SelectedBranchId) UNION SELECT ID FROM BranchMaster WHERE EXISTS (SELECT 1 FROM UserAccountMaster WHERE ID = @UserId AND IsSuperUser = 1) AND (@SelectedBranchId IS NULL OR ID = @SelectedBranchId) AND (IsDeleted IS NULL OR IsDeleted = 0))) GROUP BY rm.Name ORDER BY StudentCount DESC"
466,attendance,staff attendance percentage this month,"BranchMaster,Staff_Attendance,UserAccountMaster,UserAccountRoleDetails","admin,attendance,other:rbac",,0,,0,,,,,,"SELECT CAST(COUNT(CASE WHEN sa.Attendance_Status_ID = 1 THEN 1 END) * 100.0 / NULLIF(COUNT(*), 0) AS DECIMAL(5,2)) AS AttendancePercentage FROM Staff_Attendance sa WHERE MONTH(sa.Attendance_Date) = MONTH(GETDATE()) AND YEAR(sa.Attendance_Date) = YEAR(GETDATE()) AND sa.BranchID IN (SELECT BranchID FROM UserAccountRoleDetails WHERE UserID = @UserId AND (@SelectedBranchId IS NULL OR BranchID = @SelectedBranchId) UNION SELECT ID FROM BranchMaster WHERE EXISTS (SELECT 1 FROM UserAccountMaster WHERE ID = @UserId AND IsSuperUser = 1) AND (@SelectedBranchId IS NULL OR ID = @SelectedBranchId) AND (IsDeleted IS NULL OR IsDeleted = 0))"
465,transport,how many buses we have and routes,"BranchMaster,Branch_Academic_Details,UserAccountMaster,UserAccountRoleDetails,VehicleMaster","admin,other:rbac,transport",,0,,0,,,,,,"SELECT COUNT(*) AS TotalVehicles, SUM(CAST(Seating_Capacity AS INT)) AS TotalCapacity FROM VehicleMaster WHERE BranchID IN (SELECT BranchID FROM UserAccountRoleDetails WHERE UserID = @UserId AND (@SelectedBranchId IS NULL OR BranchID = @SelectedBranchId) UNION SELECT ID FROM BranchMaster WHERE EXISTS (SELECT 1 FROM UserAccountMaster WHERE ID = @UserId AND IsSuperUser = 1) AND (@SelectedBranchId IS NULL OR ID = @SelectedBranchId) AND (IsDeleted IS NULL OR IsDeleted = 0)) AND AcademicYearID IN (SELECT Id FROM Branch_Academic_Details WHERE GETDATE() BETWEEN Start_Date AND End_Date AND Branch_Id IN (SELECT BranchID FROM UserAccountRoleDetails WHERE UserID = @UserId AND (@SelectedBranchId IS NULL OR BranchID = @SelectedBranchId) UNION SELECT ID FROM BranchMaster WHERE EXISTS (SELECT 1 FROM UserAccountMaster WHERE ID = @UserId AND IsSuperUser = 1) AND (@SelectedBranchId IS NULL OR ID = @SelectedBranchId) AND (IsDeleted IS NULL OR IsDeleted = 0))) AND (IsDeleted = 0 OR IsDeleted IS NULL)"
464,attendance,any staff attendance issue i should know about,"BranchMaster,Staff_Attendance,Staff_Master,UserAccountMaster,UserAccountRoleDetails","admin,attendance,hr,other:rbac",,0,,0,,,,,,"SELECT sa.Staff_ID, sm.Staff_FirstName + ' ' + sm.Staff_LastName AS StaffName, COUNT(*) AS AbsentDays FROM Staff_Attendance sa INNER JOIN Staff_Master sm ON sa.Staff_ID = sm.Staff_ID AND sm.StaffStatus_ID = 1 WHERE sa.Attendance_Status_ID = 2 AND MONTH(sa.Attendance_Date) = MONTH(GETDATE()) AND YEAR(sa.Attendance_Date) = YEAR(GETDATE()) AND sa.BranchID IN (SELECT BranchID FROM UserAccountRoleDetails WHERE UserID = @UserId AND (@SelectedBranchId IS NULL OR BranchID = @SelectedBranchId) UNION SELECT ID FROM BranchMaster WHERE EXISTS (SELECT 1 FROM UserAccountMaster WHERE ID = @UserId AND IsSuperUser = 1) AND (@SelectedBranchId IS NULL OR ID = @SelectedBranchId) AND (IsDeleted IS NULL OR IsDeleted = 0)) GROUP BY sa.Staff_ID, sm.Staff_FirstName, sm.Staff_LastName HAVING COUNT(*) > 5 ORDER BY AbsentDays DESC"
463,hr,teacher wise number of classes assigned,"BranchMaster,Branch_Academic_Details,Staff_Master,SubjectAllocation_Master,UserAccountMaster,UserAccountRoleDetails","admin,hr,other:other,other:rbac",,0,,0,,,,,,"SELECT sm.Staff_FirstName + ' ' + ISNULL(sm.Staff_LastName, '') AS TeacherName, COUNT(DISTINCT sam.Class_ID) AS ClassesAssigned FROM SubjectAllocation_Master sam INNER JOIN Staff_Master sm ON sam.Staff_ID = sm.Staff_ID WHERE sam.BranchID IN (SELECT BranchID FROM UserAccountRoleDetails WHERE UserID = @UserId AND (@SelectedBranchId IS NULL OR BranchID = @SelectedBranchId) UNION SELECT ID FROM BranchMaster WHERE EXISTS (SELECT 1 FROM UserAccountMaster WHERE ID = @UserId AND IsSuperUser = 1) AND (@SelectedBranchId IS NULL OR ID = @SelectedBranchId) AND (IsDeleted IS NULL OR IsDeleted = 0)) AND sam.AcademicYearID IN (SELECT Id FROM Branch_Academic_Details WHERE GETDATE() BETWEEN Start_Date AND End_Date AND Branch_Id IN (SELECT BranchID FROM UserAccountRoleDetails WHERE UserID = @UserId AND (@SelectedBranchId IS NULL OR BranchID = @SelectedBranchId) UNION SELECT ID FROM BranchMaster WHERE EXISTS (SELECT 1 FROM UserAccountMaster WHERE ID = @UserId AND IsSuperUser = 1) AND (@SelectedBranchId IS NULL OR ID = @SelectedBranchId) AND (IsDeleted IS NULL OR IsDeleted = 0))) AND (sam.IsDeleted = 0 OR sam.IsDeleted IS NULL) GROUP BY sm.Staff_FirstName, sm.Staff_LastName ORDER BY ClassesAssigned DESC"
462,hr,how many support staff drivers peon etc,"BranchMaster,StaffType_Master,Staff_Master,UserAccountMaster,UserAccountRoleDetails","admin,hr,other:rbac",,0,,0,,,,,,SELECT COUNT(*) AS SupportStaff FROM Staff_Master sm INNER JOIN StaffType_Master stm ON sm.StaffType_ID = stm.ID WHERE sm.BranchID IN (SELECT BranchID FROM UserAccountRoleDetails WHERE UserID = @UserId AND (@SelectedBranchId IS NULL OR BranchID = @SelectedBranchId) UNION SELECT ID FROM BranchMaster WHERE EXISTS (SELECT 1 FROM UserAccountMaster WHERE ID = @UserId AND IsSuperUser = 1) AND (@SelectedBranchId IS NULL OR ID = @SelectedBranchId) AND (IsDeleted IS NULL OR IsDeleted = 0)) AND sm.IsDeleted = 0 AND sm.StaffStatus_ID = 1 AND stm.Name LIKE '%Support%'
459,students/general,which subjects we dont have enough teachers for,"BranchMaster,Branch_Academic_Details,ClassMaster,ClassSubjectDetails,SubjectAllocation_Master,Subject_Master,UserAccountMaster,UserAccountRoleDetails","admin,other:other,other:rbac,students",,0,,0,,,,,,"SELECT cm.Name AS ClassName, sub.Name AS SubjectName FROM ClassSubjectDetails cs INNER JOIN ClassMaster cm ON cs.Class_Id = cm.ID INNER JOIN Subject_Master sub ON cs.Subject_Id = sub.Id WHERE NOT EXISTS (SELECT 1 FROM SubjectAllocation_Master sam WHERE sam.Class_ID = cs.Class_Id AND sam.Subject_ID = cs.Subject_Id AND sam.AcademicYearID IN (SELECT Id FROM Branch_Academic_Details WHERE GETDATE() BETWEEN Start_Date AND End_Date AND Branch_Id IN (SELECT BranchID FROM UserAccountRoleDetails WHERE UserID = @UserId AND (@SelectedBranchId IS NULL OR BranchID = @SelectedBranchId) UNION SELECT ID FROM BranchMaster WHERE EXISTS (SELECT 1 FROM UserAccountMaster WHERE ID = @UserId AND IsSuperUser = 1) AND (@SelectedBranchId IS NULL OR ID = @SelectedBranchId) AND (IsDeleted IS NULL OR IsDeleted = 0))) AND sam.BranchID IN (SELECT BranchID FROM UserAccountRoleDetails WHERE UserID = @UserId AND (@SelectedBranchId IS NULL OR BranchID = @SelectedBranchId) UNION SELECT ID FROM BranchMaster WHERE EXISTS (SELECT 1 FROM UserAccountMaster WHERE ID = @UserId AND IsSuperUser = 1) AND (@SelectedBranchId IS NULL OR ID = @SelectedBranchId) AND (IsDeleted IS NULL OR IsDeleted = 0)) AND (sam.IsDeleted = 0 OR sam.IsDeleted IS NULL))"
458,students/general,teachers taking too many leaves this year show me,"BranchMaster,Branch_Academic_Details,LeaveEntryMaster,LeaveStatus,UserAccountMaster,UserAccountRoleDetails","admin,attendance,other:rbac",,0,,0,,,,,,"SELECT lem.Staff_Name AS TeacherName, COUNT(*) AS LeaveCount FROM LeaveEntryMaster lem INNER JOIN LeaveStatus ls ON lem.LeaveStatus_ID = ls.ID WHERE lem.BranchID IN (SELECT BranchID FROM UserAccountRoleDetails WHERE UserID = @UserId AND (@SelectedBranchId IS NULL OR BranchID = @SelectedBranchId) UNION SELECT ID FROM BranchMaster WHERE EXISTS (SELECT 1 FROM UserAccountMaster WHERE ID = @UserId AND IsSuperUser = 1) AND (@SelectedBranchId IS NULL OR ID = @SelectedBranchId) AND (IsDeleted IS NULL OR IsDeleted = 0)) AND lem.AcademicYearID IN (SELECT Id FROM Branch_Academic_Details WHERE GETDATE() BETWEEN Start_Date AND End_Date AND Branch_Id IN (SELECT BranchID FROM UserAccountRoleDetails WHERE UserID = @UserId AND (@SelectedBranchId IS NULL OR BranchID = @SelectedBranchId) UNION SELECT ID FROM BranchMaster WHERE EXISTS (SELECT 1 FROM UserAccountMaster WHERE ID = @UserId AND IsSuperUser = 1) AND (@SelectedBranchId IS NULL OR ID = @SelectedBranchId) AND (IsDeleted IS NULL OR IsDeleted = 0))) AND (lem.IsDeleted = 0 OR lem.IsDeleted IS NULL) AND ls.Name = 'Approved' GROUP BY lem.Staff_Name ORDER BY LeaveCount DESC"
456,hr,staff birthdays this month for wishing,"BranchMaster,Staff_Master,UserAccountMaster,UserAccountRoleDetails","admin,hr,other:rbac",,0,,0,,,,,,"SELECT sm.Staff_FirstName + ' ' + ISNULL(sm.Staff_LastName, '') AS StaffName, sm.Staff_DOB FROM Staff_Master sm WHERE MONTH(sm.Staff_DOB) = MONTH(GETDATE()) AND YEAR(sm.Staff_DOB) = YEAR(GETDATE()) AND sm.BranchID IN (SELECT BranchID FROM UserAccountRoleDetails WHERE UserID = @UserId AND (@SelectedBranchId IS NULL OR BranchID = @SelectedBranchId) UNION SELECT ID FROM BranchMaster WHERE EXISTS (SELECT 1 FROM UserAccountMaster WHERE ID = @UserId AND IsSuperUser = 1) AND (@SelectedBranchId IS NULL OR ID = @SelectedBranchId) AND (IsDeleted IS NULL OR IsDeleted = 0)) AND sm.IsDeleted = 0 ORDER BY DAY(sm.Staff_DOB)"
454,students/general,give me contact list of all class teachers,"BranchMaster,ClassMaster,SectionMaster,Staff_Master,SubjectAllocation_Master,UserAccountMaster,UserAccountRoleDetails","admin,hr,other:other,other:rbac,students",,0,,0,,,,,,"SELECT cm.Name AS ClassName, secm.Name AS SectionName, sm.Staff_FirstName + ' ' + ISNULL(sm.Staff_LastName, '') AS ClassTeacher FROM SubjectAllocation_Master sam INNER JOIN Staff_Master sm ON sam.Staff_ID = sm.Staff_ID INNER JOIN ClassMaster cm ON sam.Class_ID = cm.ID INNER JOIN SectionMaster secm ON sam.Section_ID = secm.ID WHERE sam.IsClassTeacher = 1 AND sam.BranchID IN (SELECT BranchID FROM UserAccountRoleDetails WHERE UserID = @UserId AND (@SelectedBranchId IS NULL OR BranchID = @SelectedBranchId) UNION SELECT ID FROM BranchMaster WHERE EXISTS (SELECT 1 FROM UserAccountMaster WHERE ID = @UserId AND IsSuperUser = 1) AND (@SelectedBranchId IS NULL OR ID = @SelectedBranchId) AND (IsDeleted IS NULL OR IsDeleted = 0)) ORDER BY cm.Name, secm.Name"
453,hr,how many staff on probation currently,"BranchMaster,StaffType_Master,Staff_Master,UserAccountMaster,UserAccountRoleDetails","admin,hr,other:rbac",,0,,0,,,,,,SELECT COUNT(*) AS ProbationStaff FROM Staff_Master sm INNER JOIN StaffType_Master stm ON sm.StaffType_ID = stm.ID WHERE sm.BranchID IN (SELECT BranchID FROM UserAccountRoleDetails WHERE UserID = @UserId AND (@SelectedBranchId IS NULL OR BranchID = @SelectedBranchId) UNION SELECT ID FROM BranchMaster WHERE EXISTS (SELECT 1 FROM UserAccountMaster WHERE ID = @UserId AND IsSuperUser = 1) AND (@SelectedBranchId IS NULL OR ID = @SelectedBranchId) AND (IsDeleted IS NULL OR IsDeleted = 0)) AND sm.IsDeleted = 0 AND sm.StaffStatus_ID = 1 AND stm.Name LIKE '%Probation%'
451,hr,which department short of staff,"BranchMaster,StaffDepartmentMapping,StaffDepartmentMappingDetail,StaffDepartmentMaster,Staff_Master,UserAccountMaster,UserAccountRoleDetails","admin,hr,other:rbac",,0,,0,,,,,,"SELECT dm.Name AS Department, COUNT(sm.Staff_ID) AS StaffCount FROM StaffDepartmentMaster dm INNER JOIN StaffDepartmentMapping sdm ON dm.Id = sdm.DepartmentID INNER JOIN StaffDepartmentMappingDetail sdmd ON sdm.Id = sdmd.MappingID INNER JOIN Staff_Master sm ON sdmd.StaffID = sm.Staff_ID WHERE dm.BranchID IN (SELECT BranchID FROM UserAccountRoleDetails WHERE UserID = @UserId AND (@SelectedBranchId IS NULL OR BranchID = @SelectedBranchId) UNION SELECT ID FROM BranchMaster WHERE EXISTS (SELECT 1 FROM UserAccountMaster WHERE ID = @UserId AND IsSuperUser = 1) AND (@SelectedBranchId IS NULL OR ID = @SelectedBranchId) AND (IsDeleted IS NULL OR IsDeleted = 0)) AND (dm.IsDeleted IS NULL OR dm.IsDeleted = 0) AND (sm.IsDeleted IS NULL OR sm.IsDeleted = 0) AND sm.StaffStatus_ID = 1 GROUP BY dm.Name ORDER BY StaffCount ASC"
450,hr,salary total we pay per month all staff,"BranchMaster,Branch_Academic_Details,GenerateSalaryEmployee_Master,GenerateSalary_Master,UserAccountMaster,UserAccountRoleDetails","admin,hr,other:rbac",,0,,0,,,,,,"SELECT SUM(gem.NetPay) AS TotalSalary FROM GenerateSalaryEmployee_Master gem INNER JOIN GenerateSalary_Master gm ON gem.HeaderID = gm.ID WHERE gm.BranchID IN (SELECT BranchID FROM UserAccountRoleDetails WHERE UserID = @UserId AND (@SelectedBranchId IS NULL OR BranchID = @SelectedBranchId) UNION SELECT ID FROM BranchMaster WHERE EXISTS (SELECT 1 FROM UserAccountMaster WHERE ID = @UserId AND IsSuperUser = 1) AND (@SelectedBranchId IS NULL OR ID = @SelectedBranchId) AND (IsDeleted IS NULL OR IsDeleted = 0)) AND gm.IsDeleted = 0 AND gem.IsDeleted = 0 AND gm.MonthID = (SELECT DATEDIFF(MONTH, Start_Date, GETDATE()) + 1 FROM Branch_Academic_Details WHERE GETDATE() BETWEEN Start_Date AND End_Date AND Branch_Id = gm.BranchID)"
449,students/general,list teachers whose documents pending in file,"BranchMaster,Staff_Master,UserAccountMaster,UserAccountRoleDetails","admin,hr,other:rbac",,0,,0,,,,,,SELECT sm.Staff_FirstName + ' ' + sm.Staff_LastName AS TeacherName FROM Staff_Master sm WHERE sm.BranchID IN (SELECT BranchID FROM UserAccountRoleDetails WHERE UserID = @UserId AND (@SelectedBranchId IS NULL OR BranchID = @SelectedBranchId) UNION SELECT ID FROM BranchMaster WHERE EXISTS (SELECT 1 FROM UserAccountMaster WHERE ID = @UserId AND IsSuperUser = 1) AND (@SelectedBranchId IS NULL OR ID = @SelectedBranchId) AND (IsDeleted IS NULL OR IsDeleted = 0)) AND sm.IsDeleted = 0 AND sm.StaffStatus_ID = 1
448,students/general,how many teachers resigned this year,"BranchMaster,Branch_Academic_Details,Staff_Master,UserAccountMaster,UserAccountRoleDetails","admin,hr,other:rbac",,0,,0,,,,,,SELECT COUNT(*) AS ResignedCount FROM Staff_Master sm WHERE sm.BranchID IN (SELECT BranchID FROM UserAccountRoleDetails WHERE UserID = @UserId AND (@SelectedBranchId IS NULL OR BranchID = @SelectedBranchId) UNION SELECT ID FROM BranchMaster WHERE EXISTS (SELECT 1 FROM UserAccountMaster WHERE ID = @UserId AND IsSuperUser = 1) AND (@SelectedBranchId IS NULL OR ID = @SelectedBranchId) AND (IsDeleted IS NULL OR IsDeleted = 0)) AND sm.IsDeleted = 1 AND sm.AcademicYearID IN (SELECT Id FROM Branch_Academic_Details WHERE GETDATE() BETWEEN Start_Date AND End_Date AND Branch_Id IN (SELECT BranchID FROM UserAccountRoleDetails WHERE UserID = @UserId AND (@SelectedBranchId IS NULL OR BranchID = @SelectedBranchId) UNION SELECT ID FROM BranchMaster WHERE EXISTS (SELECT 1 FROM UserAccountMaster WHERE ID = @UserId AND IsSuperUser = 1) AND (@SelectedBranchId IS NULL OR ID = @SelectedBranchId) AND (IsDeleted IS NULL OR IsDeleted = 0)))
447,hr,which teacher handles maximum periods,"BranchMaster,Branch_Academic_Details,Staff_Master,SubjectAllocation_Master,UserAccountMaster,UserAccountRoleDetails","admin,hr,other:other,other:rbac",,0,,0,,,,,,"SELECT TOP 1 sm.Staff_FirstName + ' ' + ISNULL(sm.Staff_LastName, '') AS TeacherName, COUNT(*) AS TotalPeriods FROM SubjectAllocation_Master sam INNER JOIN Staff_Master sm ON sam.Staff_ID = sm.Staff_ID WHERE sam.BranchID IN (SELECT BranchID FROM UserAccountRoleDetails WHERE UserID = @UserId AND (@SelectedBranchId IS NULL OR BranchID = @SelectedBranchId) UNION SELECT ID FROM BranchMaster WHERE EXISTS (SELECT 1 FROM UserAccountMaster WHERE ID = @UserId AND IsSuperUser = 1) AND (@SelectedBranchId IS NULL OR ID = @SelectedBranchId) AND (IsDeleted IS NULL OR IsDeleted = 0)) AND sam.AcademicYearID IN (SELECT Id FROM Branch_Academic_Details WHERE GETDATE() BETWEEN Start_Date AND End_Date AND Branch_Id IN (SELECT BranchID FROM UserAccountRoleDetails WHERE UserID = @UserId AND (@SelectedBranchId IS NULL OR BranchID = @SelectedBranchId) UNION SELECT ID FROM BranchMaster WHERE EXISTS (SELECT 1 FROM UserAccountMaster WHERE ID = @UserId AND IsSuperUser = 1) AND (@SelectedBranchId IS NULL OR ID = @SelectedBranchId) AND (IsDeleted IS NULL OR IsDeleted = 0))) AND (sam.IsDeleted = 0 OR sam.IsDeleted IS NULL) GROUP BY sm.Staff_FirstName, sm.Staff_LastName ORDER BY TotalPeriods DESC"
446,hr,which teacher handles maximum periods,"BranchMaster,Branch_Academic_Details,Staff_Master,SubjectAllocation_Master,UserAccountMaster,UserAccountRoleDetails","admin,hr,other:other,other:rbac",,0,,0,,,,,,"SELECT TOP 1 sm.Staff_FirstName + ' ' + ISNULL(sm.Staff_LastName, '') AS TeacherName, COUNT(*) AS TotalPeriods FROM SubjectAllocation_Master sam INNER JOIN Staff_Master sm ON sam.Staff_ID = sm.Staff_ID WHERE sam.BranchID IN (SELECT BranchID FROM UserAccountRoleDetails WHERE UserID = @UserId AND (@SelectedBranchId IS NULL OR BranchID = @SelectedBranchId) UNION SELECT ID FROM BranchMaster WHERE EXISTS (SELECT 1 FROM UserAccountMaster WHERE ID = @UserId AND IsSuperUser = 1) AND (@SelectedBranchId IS NULL OR ID = @SelectedBranchId) AND (IsDeleted IS NULL OR IsDeleted = 0)) AND sam.AcademicYearID IN (SELECT Id FROM Branch_Academic_Details WHERE GETDATE() BETWEEN Start_Date AND End_Date AND Branch_Id IN (SELECT BranchID FROM UserAccountRoleDetails WHERE UserID = @UserId AND (@SelectedBranchId IS NULL OR BranchID = @SelectedBranchId) UNION SELECT ID FROM BranchMaster WHERE EXISTS (SELECT 1 FROM UserAccountMaster WHERE ID = @UserId AND IsSuperUser = 1) AND (@SelectedBranchId IS NULL OR ID = @SelectedBranchId) AND (IsDeleted IS NULL OR IsDeleted = 0))) AND (sam.IsDeleted = 0 OR sam.IsDeleted IS NULL) GROUP BY sm.Staff_FirstName, sm.Staff_LastName ORDER BY TotalPeriods DESC"
444,students/general,who all joined recently last 3 months,"BranchMaster,Branch_Academic_Details,ClassMaster,SectionMaster,StudentAcademicDetail,Student_Master,UserAccountMaster,UserAccountRoleDetails","admin,other:rbac,students",,0,,0,,,,,,"SELECT TOP 10 sm.AdmissionNo, ISNULL(sm.FirstName, '') + ' ' + ISNULL(sm.MiddleName, '') + ' ' + ISNULL(sm.LastName, '') AS StudentName, cm.Name AS ClassName, sm.AdmissionDate, secm.Name AS SectionName FROM Student_Master sm INNER JOIN StudentAcademicDetail sad ON sm.ID = sad.StudentID INNER JOIN ClassMaster cm ON sad.ClassID = cm.ID JOIN SectionMaster secm ON sad.SectionID = secm.ID WHERE sm.BranchID IN (SELECT BranchID FROM UserAccountRoleDetails WHERE UserID = @UserId AND (@SelectedBranchId IS NULL OR BranchID = @SelectedBranchId) UNION SELECT ID FROM BranchMaster WHERE EXISTS (SELECT 1 FROM UserAccountMaster WHERE ID = @UserId AND IsSuperUser = 1) AND (@SelectedBranchId IS NULL OR ID = @SelectedBranchId) AND (IsDeleted IS NULL OR IsDeleted = 0)) AND sad.AcademicYearID IN (SELECT Id FROM Branch_Academic_Details WHERE GETDATE() BETWEEN Start_Date AND End_Date AND Branch_Id IN (SELECT BranchID FROM UserAccountRoleDetails WHERE UserID = @UserId AND (@SelectedBranchId IS NULL OR BranchID = @SelectedBranchId) UNION SELECT ID FROM BranchMaster WHERE EXISTS (SELECT 1 FROM UserAccountMaster WHERE ID = @UserId AND IsSuperUser = 1) AND (@SelectedBranchId IS NULL OR ID = @SelectedBranchId) AND (IsDeleted IS NULL OR IsDeleted = 0))) AND sm.AdmissionDate >= DATEADD(MONTH, -3, GETDATE()) AND sad.IsActive = 1 ORDER BY sm.AdmissionDate DESC"
443,hr,total staff count teaching and non teaching,"BranchMaster,StaffTypeCategoryMaster,StaffType_Master,Staff_Master,UserAccountMaster,UserAccountRoleDetails","admin,hr,other:rbac",,0,,0,,,,,,"SELECT SUM(CASE WHEN stcm.Name = 'Teaching' THEN 1 ELSE 0 END) AS TeachingStaff, SUM(CASE WHEN stcm.Name <> 'Teaching' THEN 1 ELSE 0 END) AS NonTeachingStaff FROM Staff_Master sm INNER JOIN StaffType_Master stm ON sm.StaffType_ID = stm.ID INNER JOIN StaffTypeCategoryMaster stcm ON stm.Type_Id = stcm.Id WHERE sm.BranchID IN (SELECT BranchID FROM UserAccountRoleDetails WHERE UserID = @UserId AND (@SelectedBranchId IS NULL OR BranchID = @SelectedBranchId) UNION SELECT ID FROM BranchMaster WHERE EXISTS (SELECT 1 FROM UserAccountMaster WHERE ID = @UserId AND IsSuperUser = 1) AND (@SelectedBranchId IS NULL OR ID = @SelectedBranchId) AND (IsDeleted IS NULL OR IsDeleted = 0)) AND sm.IsDeleted = 0 AND sm.StaffStatus_ID = 1"
442,hr,staff whose salary not yet processed this month,"BranchMaster,Branch_Academic_Details,GenerateSalaryEmployee_Master,GenerateSalary_Master,Staff_Master,UserAccountMaster,UserAccountRoleDetails","admin,hr,other:rbac",,0,,0,,,,,,SELECT sm.Staff_FirstName + ' ' + sm.Staff_LastName AS StaffName FROM Staff_Master sm WHERE sm.BranchID IN (SELECT BranchID FROM UserAccountRoleDetails WHERE UserID = @UserId AND (@SelectedBranchId IS NULL OR BranchID = @SelectedBranchId) UNION SELECT ID FROM BranchMaster WHERE EXISTS (SELECT 1 FROM UserAccountMaster WHERE ID = @UserId AND IsSuperUser = 1) AND (@SelectedBranchId IS NULL OR ID = @SelectedBranchId) AND (IsDeleted IS NULL OR IsDeleted = 0)) AND sm.IsDeleted = 0 AND sm.StaffStatus_ID = 1 AND NOT EXISTS (SELECT 1 FROM GenerateSalaryEmployee_Master gem INNER JOIN GenerateSalary_Master gm ON gem.HeaderID = gm.ID WHERE gem.EmployeeID = sm.Staff_ID AND gm.MonthID = MONTH(GETDATE()) AND gm.AcademicYearID IN (SELECT Id FROM Branch_Academic_Details WHERE GETDATE() BETWEEN Start_Date AND End_Date AND Branch_Id IN (SELECT BranchID FROM UserAccountRoleDetails WHERE UserID = @UserId AND (@SelectedBranchId IS NULL OR BranchID = @SelectedBranchId) UNION SELECT ID FROM BranchMaster WHERE EXISTS (SELECT 1 FROM UserAccountMaster WHERE ID = @UserId AND IsSuperUser = 1) AND (@SelectedBranchId IS NULL OR ID = @SelectedBranchId) AND (IsDeleted IS NULL OR IsDeleted = 0))) AND gm.BranchID IN (SELECT BranchID FROM UserAccountRoleDetails WHERE UserID = @UserId AND (@SelectedBranchId IS NULL OR BranchID = @SelectedBranchId) UNION SELECT ID FROM BranchMaster WHERE EXISTS (SELECT 1 FROM UserAccountMaster WHERE ID = @UserId AND IsSuperUser = 1) AND (@SelectedBranchId IS NULL OR ID = @SelectedBranchId) AND (IsDeleted IS NULL OR IsDeleted = 0)) AND gm.IsDeleted = 0)
441,attendance,which teachers are on leave this week,"BranchMaster,Branch_Academic_Details,LeaveEntryMaster,LeaveStatus,UserAccountMaster,UserAccountRoleDetails","admin,attendance,other:rbac",,0,,0,,,,,,"SELECT lem.Staff_Name AS TeacherName, lem.LeaveFromDate, lem.LeaveToDate FROM LeaveEntryMaster lem INNER JOIN LeaveStatus ls ON lem.LeaveStatus_ID = ls.ID WHERE lem.BranchID IN (SELECT BranchID FROM UserAccountRoleDetails WHERE UserID = @UserId AND (@SelectedBranchId IS NULL OR BranchID = @SelectedBranchId) UNION SELECT ID FROM BranchMaster WHERE EXISTS (SELECT 1 FROM UserAccountMaster WHERE ID = @UserId AND IsSuperUser = 1) AND (@SelectedBranchId IS NULL OR ID = @SelectedBranchId) AND (IsDeleted IS NULL OR IsDeleted = 0)) AND lem.AcademicYearID IN (SELECT Id FROM Branch_Academic_Details WHERE GETDATE() BETWEEN Start_Date AND End_Date AND Branch_Id IN (SELECT BranchID FROM UserAccountRoleDetails WHERE UserID = @UserId AND (@SelectedBranchId IS NULL OR BranchID = @SelectedBranchId) UNION SELECT ID FROM BranchMaster WHERE EXISTS (SELECT 1 FROM UserAccountMaster WHERE ID = @UserId AND IsSuperUser = 1) AND (@SelectedBranchId IS NULL OR ID = @SelectedBranchId) AND (IsDeleted IS NULL OR IsDeleted = 0))) AND (lem.IsDeleted = 0 OR lem.IsDeleted IS NULL) AND ls.Name = 'Approved' AND lem.LeaveFromDate BETWEEN DATEADD(DAY, -DATEPART(WEEKDAY, GETDATE()) + 1, CAST(GETDATE() AS DATE)) AND DATEADD(DAY, -DATEPART(WEEKDAY, GETDATE()), CAST(GETDATE() AS DATE))"
440,hr,how many teaching staff we have currently,"BranchMaster,StaffType_Master,Staff_Master,UserAccountMaster,UserAccountRoleDetails","admin,hr,other:rbac",,0,,0,,,,,,SELECT COUNT(*) AS TeachingStaff FROM Staff_Master sm INNER JOIN StaffType_Master stm ON sm.StaffType_ID = stm.ID WHERE sm.BranchID IN (SELECT BranchID FROM UserAccountRoleDetails WHERE UserID = @UserId AND (@SelectedBranchId IS NULL OR BranchID = @SelectedBranchId) UNION SELECT ID FROM BranchMaster WHERE EXISTS (SELECT 1 FROM UserAccountMaster WHERE ID = @UserId AND IsSuperUser = 1) AND (@SelectedBranchId IS NULL OR ID = @SelectedBranchId) AND (IsDeleted IS NULL OR IsDeleted = 0)) AND sm.IsDeleted = 0 AND sm.StaffStatus_ID = 1 AND stm.Name LIKE '%Teaching%'
437,attendance,monthly attendance report for class 12 for meeting,"BranchMaster,ClassMaster,StudentAttendance,UserAccountMaster,UserAccountRoleDetails","admin,attendance,other:rbac,students",,0,,0,,,,,,"SELECT sa.Attendance_Date, COUNT(CASE WHEN sa.Attendance_Status_ID = 1 THEN 1 END) AS PresentCount, COUNT(CASE WHEN sa.Attendance_Status_ID = 2 THEN 1 END) AS AbsentCount FROM StudentAttendance sa INNER JOIN ClassMaster cm ON sa.Class_ID = cm.ID WHERE cm.Name IN ('Class 12', 'XII') AND MONTH(sa.Attendance_Date) = MONTH(GETDATE()) AND YEAR(sa.Attendance_Date) = YEAR(GETDATE()) AND sa.BranchID IN (SELECT BranchID FROM UserAccountRoleDetails WHERE UserID = @UserId AND (@SelectedBranchId IS NULL OR BranchID = @SelectedBranchId) UNION SELECT ID FROM BranchMaster WHERE EXISTS (SELECT 1 FROM UserAccountMaster WHERE ID = @UserId AND IsSuperUser = 1) AND (@SelectedBranchId IS NULL OR ID = @SelectedBranchId) AND (IsDeleted IS NULL OR IsDeleted = 0)) GROUP BY sa.Attendance_Date ORDER BY sa.Attendance_Date"
435,attendance,attendance dropped suddenly any class? festival maybe,"BranchMaster,Branch_Academic_Details,ClassMaster,StudentAttendance,UserAccountMaster,UserAccountRoleDetails","admin,attendance,other:rbac,students",,0,,0,,,,,,"SELECT TOP 1 cm.Name AS ClassName, CAST(COUNT(CASE WHEN sa.Attendance_Status_ID = 2 THEN 1 END) * 100.0 / NULLIF(COUNT(*), 0) AS DECIMAL(5,2)) AS AbsentPercentage FROM StudentAttendance sa JOIN ClassMaster cm ON sa.Class_ID = cm.ID WHERE sa.BranchID IN (SELECT BranchID FROM UserAccountRoleDetails WHERE UserID = @UserId AND (@SelectedBranchId IS NULL OR BranchID = @SelectedBranchId) UNION SELECT ID FROM BranchMaster WHERE EXISTS (SELECT 1 FROM UserAccountMaster WHERE ID = @UserId AND IsSuperUser = 1) AND (@SelectedBranchId IS NULL OR ID = @SelectedBranchId) AND (IsDeleted IS NULL OR IsDeleted = 0)) AND sa.AcademicYearID IN (SELECT Id FROM Branch_Academic_Details WHERE GETDATE() BETWEEN Start_Date AND End_Date AND Branch_Id IN (SELECT BranchID FROM UserAccountRoleDetails WHERE UserID = @UserId AND (@SelectedBranchId IS NULL OR BranchID = @SelectedBranchId) UNION SELECT ID FROM BranchMaster WHERE EXISTS (SELECT 1 FROM UserAccountMaster WHERE ID = @UserId AND IsSuperUser = 1) AND (@SelectedBranchId IS NULL OR ID = @SelectedBranchId) AND (IsDeleted IS NULL OR IsDeleted = 0))) AND sa.Attendance_Date >= DATEADD(DAY, -7, CAST(GETDATE() AS DATE)) GROUP BY cm.Name ORDER BY AbsentPercentage DESC"
434,attendance,how many full attendance students this month give list,"BranchMaster,ClassMaster,SectionMaster,StudentAttendance,Student_Master,UserAccountMaster,UserAccountRoleDetails","admin,attendance,other:rbac,students",,0,,0,,,,,,"SELECT sm.AdmissionNo, ISNULL(sm.FirstName, '') + ' ' + ISNULL(sm.MiddleName, '') + ' ' + ISNULL(sm.LastName, '') AS StudentName, cm.Name AS ClassName, secm.Name AS SectionName FROM StudentAttendance sa INNER JOIN Student_Master sm ON sa.Student_ID = sm.ID INNER JOIN ClassMaster cm ON sa.Class_ID = cm.ID INNER JOIN SectionMaster secm ON sa.Section_ID = secm.ID WHERE sa.Attendance_Status_ID = 1 AND DATEPART(MONTH, sa.Attendance_Date) = DATEPART(MONTH, GETDATE()) AND DATEPART(YEAR, sa.Attendance_Date) = DATEPART(YEAR, GETDATE()) AND sa.BranchID IN (SELECT BranchID FROM UserAccountRoleDetails WHERE UserID = @UserId AND (@SelectedBranchId IS NULL OR BranchID = @SelectedBranchId) UNION SELECT ID FROM BranchMaster WHERE EXISTS (SELECT 1 FROM UserAccountMaster WHERE ID = @UserId AND IsSuperUser = 1) AND (@SelectedBranchId IS NULL OR ID = @SelectedBranchId) AND (IsDeleted IS NULL OR IsDeleted = 0)) GROUP BY sm.AdmissionNo, sm.FirstName, sm.MiddleName, sm.LastName, cm.Name, secm.Name HAVING COUNT(*) = DAY(GETDATE()) ORDER BY cm.Name"
433,attendance,boys vs girls attendance any difference this month,"BranchMaster,StudentAttendance,Student_Master,UserAccountMaster,UserAccountRoleDetails","admin,attendance,other:rbac,students",,0,,0,,,,,,"SELECT sm.Gender, CAST(COUNT(CASE WHEN sa.Attendance_Status_ID = 1 THEN 1 END) * 100.0 / NULLIF(COUNT(*), 0) AS DECIMAL(5,2)) AS AttendancePercent FROM StudentAttendance sa INNER JOIN Student_Master sm ON sa.Student_ID = sm.ID WHERE DATEPART(MONTH, sa.Attendance_Date) = DATEPART(MONTH, GETDATE()) AND DATEPART(YEAR, sa.Attendance_Date) = DATEPART(YEAR, GETDATE()) AND sa.BranchID IN (SELECT BranchID FROM UserAccountRoleDetails WHERE UserID = @UserId AND (@SelectedBranchId IS NULL OR BranchID = @SelectedBranchId) UNION SELECT ID FROM BranchMaster WHERE EXISTS (SELECT 1 FROM UserAccountMaster WHERE ID = @UserId AND IsSuperUser = 1) AND (@SelectedBranchId IS NULL OR ID = @SelectedBranchId) AND (IsDeleted IS NULL OR IsDeleted = 0)) GROUP BY sm.Gender"
431,attendance,was attendance marked in all classes yesterday,"BranchMaster,Branch_Academic_Details,ClassMaster,StudentAttendance,UserAccountMaster,UserAccountRoleDetails","admin,attendance,other:rbac,students",,0,,0,,,,,,"SELECT cm.Name AS ClassName, CASE WHEN sa.Attendance_Date = CAST(DATEADD(DAY,-1,GETDATE()) AS DATE) THEN 'Marked' ELSE 'Not Marked' END AS AttendanceStatus FROM ClassMaster cm LEFT JOIN StudentAttendance sa ON cm.ID = sa.Class_ID AND sa.BranchID IN (SELECT BranchID FROM UserAccountRoleDetails WHERE UserID = @UserId AND (@SelectedBranchId IS NULL OR BranchID = @SelectedBranchId) UNION SELECT ID FROM BranchMaster WHERE EXISTS (SELECT 1 FROM UserAccountMaster WHERE ID = @UserId AND IsSuperUser = 1) AND (@SelectedBranchId IS NULL OR ID = @SelectedBranchId) AND (IsDeleted IS NULL OR IsDeleted = 0)) AND sa.AcademicYearID IN (SELECT Id FROM Branch_Academic_Details WHERE GETDATE() BETWEEN Start_Date AND End_Date AND Branch_Id IN (SELECT BranchID FROM UserAccountRoleDetails WHERE UserID = @UserId AND (@SelectedBranchId IS NULL OR BranchID = @SelectedBranchId) UNION SELECT ID FROM BranchMaster WHERE EXISTS (SELECT 1 FROM UserAccountMaster WHERE ID = @UserId AND IsSuperUser = 1) AND (@SelectedBranchId IS NULL OR ID = @SelectedBranchId) AND (IsDeleted IS NULL OR IsDeleted = 0))) GROUP BY cm.Name, sa.Attendance_Date ORDER BY cm.Name"
430,exams,students below 60 percent will have exam problem show them,"BranchMaster,Branch_Academic_Details,ProgressCardDataRetrieval,Student_Master,UserAccountMaster,UserAccountRoleDetails","admin,exams,other:rbac,students",,0,,0,,,,,,"SELECT pc.StudentID, stm.AdmissionNo, ISNULL(stm.FirstName,'') + ' ' + ISNULL(stm.LastName,'') AS StudentName, CAST(AVG(pc.Marks) AS DECIMAL(5,2)) AS AvgMarks FROM ProgressCardDataRetrieval pc INNER JOIN Student_Master stm ON pc.StudentID = stm.ID WHERE (pc.Others IS NULL OR pc.Others NOT IN ('NA', 'NT', 'OP')) AND pc.BranchID IN (SELECT BranchID FROM UserAccountRoleDetails WHERE UserID = @UserId AND (@SelectedBranchId IS NULL OR BranchID = @SelectedBranchId) UNION SELECT ID FROM BranchMaster WHERE EXISTS (SELECT 1 FROM UserAccountMaster WHERE ID = @UserId AND IsSuperUser = 1) AND (@SelectedBranchId IS NULL OR ID = @SelectedBranchId) AND (IsDeleted IS NULL OR IsDeleted = 0)) AND pc.AcademicYearID IN (SELECT Id FROM Branch_Academic_Details WHERE GETDATE() BETWEEN Start_Date AND End_Date AND Branch_Id IN (SELECT BranchID FROM UserAccountRoleDetails WHERE UserID = @UserId AND (@SelectedBranchId IS NULL OR BranchID = @SelectedBranchId) UNION SELECT ID FROM BranchMaster WHERE EXISTS (SELECT 1 FROM UserAccountMaster WHERE ID = @UserId AND IsSuperUser = 1) AND (@SelectedBranchId IS NULL OR ID = @SelectedBranchId) AND (IsDeleted IS NULL OR IsDeleted = 0))) AND pc.SubjectTypeID = 1 GROUP BY pc.StudentID, stm.AdmissionNo, stm.FirstName, stm.LastName HAVING CAST(AVG(pc.Marks) AS DECIMAL(5,2)) < 60 ORDER BY AvgMarks ASC"
429,attendance,section wise attendance class 8 A B C,"BranchMaster,ClassMaster,SectionMaster,StudentAttendance,UserAccountMaster,UserAccountRoleDetails","admin,attendance,other:rbac,students",,0,,0,,,,,,"SELECT secm.Name AS SectionName, SUM(CASE WHEN sa.Attendance_Status_ID = 1 THEN 1 ELSE 0 END) AS Present, SUM(CASE WHEN sa.Attendance_Status_ID = 2 THEN 1 ELSE 0 END) AS Absent FROM StudentAttendance sa JOIN ClassMaster cm ON sa.Class_ID = cm.ID JOIN SectionMaster secm ON sa.Section_ID = secm.ID WHERE cm.Name IN ('Class 8', 'VIII') AND MONTH(sa.Attendance_Date) = MONTH(GETDATE()) AND YEAR(sa.Attendance_Date) = YEAR(GETDATE()) AND sa.BranchID IN (SELECT BranchID FROM UserAccountRoleDetails WHERE UserID = @UserId AND (@SelectedBranchId IS NULL OR BranchID = @SelectedBranchId) UNION SELECT ID FROM BranchMaster WHERE EXISTS (SELECT 1 FROM UserAccountMaster WHERE ID = @UserId AND IsSuperUser = 1) AND (@SelectedBranchId IS NULL OR ID = @SelectedBranchId) AND (IsDeleted IS NULL OR IsDeleted = 0)) GROUP BY secm.Name ORDER BY secm.Name"
425,attendance,which day of week attendance is lowest usually,"BranchMaster,Branch_Academic_Details,StudentAttendance,UserAccountMaster,UserAccountRoleDetails","admin,attendance,other:rbac",,0,,0,,,,,,"SELECT TOP 1 DATENAME(WEEKDAY, sa.Attendance_Date) AS DayOfWeek, CAST(COUNT(CASE WHEN sa.Attendance_Status_ID = 1 THEN 1 END) * 100.0 / NULLIF(COUNT(*), 0) AS DECIMAL(5,2)) AS AttendancePercent FROM StudentAttendance sa WHERE sa.BranchID IN (SELECT BranchID FROM UserAccountRoleDetails WHERE UserID = @UserId AND (@SelectedBranchId IS NULL OR BranchID = @SelectedBranchId) UNION SELECT ID FROM BranchMaster WHERE EXISTS (SELECT 1 FROM UserAccountMaster WHERE ID = @UserId AND IsSuperUser = 1) AND (@SelectedBranchId IS NULL OR ID = @SelectedBranchId) AND (IsDeleted IS NULL OR IsDeleted = 0)) AND sa.AcademicYearID IN (SELECT Id FROM Branch_Academic_Details WHERE GETDATE() BETWEEN Start_Date AND End_Date AND Branch_Id IN (SELECT BranchID FROM UserAccountRoleDetails WHERE UserID = @UserId AND (@SelectedBranchId IS NULL OR BranchID = @SelectedBranchId) UNION SELECT ID FROM BranchMaster WHERE EXISTS (SELECT 1 FROM UserAccountMaster WHERE ID = @UserId AND IsSuperUser = 1) AND (@SelectedBranchId IS NULL OR ID = @SelectedBranchId) AND (IsDeleted IS NULL OR IsDeleted = 0))) GROUP BY DATENAME(WEEKDAY, sa.Attendance_Date), DATEPART(WEEKDAY, sa.Attendance_Date) ORDER BY AttendancePercent ASC"
424,attendance,average attendance whole school this month,"BranchMaster,StudentAttendance,UserAccountMaster,UserAccountRoleDetails","admin,attendance,other:rbac",,0,,0,,,,,,"SELECT CAST(AVG(DailyAttendance) AS DECIMAL(5,2)) AS AvgAttendance FROM (SELECT sa.Attendance_Date, COUNT(CASE WHEN sa.Attendance_Status_ID = 1 THEN 1 END) AS DailyPresent, COUNT(*) AS DailyTotal, COUNT(CASE WHEN sa.Attendance_Status_ID = 1 THEN 1 END) * 100.0 / NULLIF(COUNT(*), 0) AS DailyAttendance FROM StudentAttendance sa WHERE DATEPART(MONTH, sa.Attendance_Date) = DATEPART(MONTH, GETDATE()) AND DATEPART(YEAR, sa.Attendance_Date) = DATEPART(YEAR, GETDATE()) AND sa.BranchID IN (SELECT BranchID FROM UserAccountRoleDetails WHERE UserID = @UserId AND (@SelectedBranchId IS NULL OR BranchID = @SelectedBranchId) UNION SELECT ID FROM BranchMaster WHERE EXISTS (SELECT 1 FROM UserAccountMaster WHERE ID = @UserId AND IsSuperUser = 1) AND (@SelectedBranchId IS NULL OR ID = @SelectedBranchId) AND (IsDeleted IS NULL OR IsDeleted = 0)) GROUP BY sa.Attendance_Date) AS Daily"
423,attendance,todays attendance not marked for which classes,"BranchMaster,ClassMaster,StudentAttendance,UserAccountMaster,UserAccountRoleDetails","admin,attendance,other:rbac,students",,0,,0,,,,,,SELECT cm.Name AS ClassName FROM ClassMaster cm WHERE NOT EXISTS (SELECT 1 FROM StudentAttendance sa WHERE sa.Class_ID = cm.ID AND CAST(sa.Attendance_Date AS DATE) = CAST(GETDATE() AS DATE)) AND cm.BranchID IN (SELECT BranchID FROM UserAccountRoleDetails WHERE UserID = @UserId AND (@SelectedBranchId IS NULL OR BranchID = @SelectedBranchId) UNION SELECT ID FROM BranchMaster WHERE EXISTS (SELECT 1 FROM UserAccountMaster WHERE ID = @UserId AND IsSuperUser = 1) AND (@SelectedBranchId IS NULL OR ID = @SelectedBranchId) AND (IsDeleted IS NULL OR IsDeleted = 0))
422,students/general,give me the habitual absentees list,"BranchMaster,StudentAttendance,Student_Master,UserAccountMaster,UserAccountRoleDetails","admin,attendance,other:rbac,students",,0,,0,,,,,,"SELECT TOP 10 sa.Student_ID, sm.FirstName + ' ' + sm.LastName AS StudentName, COUNT(*) AS AbsentDays FROM StudentAttendance sa INNER JOIN Student_Master sm ON sa.Student_ID = sm.ID WHERE sa.Attendance_Status_ID = 2 AND MONTH(sa.Attendance_Date) = MONTH(GETDATE()) AND YEAR(sa.Attendance_Date) = YEAR(GETDATE()) AND sa.BranchID IN (SELECT BranchID FROM UserAccountRoleDetails WHERE UserID = @UserId AND (@SelectedBranchId IS NULL OR BranchID = @SelectedBranchId) UNION SELECT ID FROM BranchMaster WHERE EXISTS (SELECT 1 FROM UserAccountMaster WHERE ID = @UserId AND IsSuperUser = 1) AND (@SelectedBranchId IS NULL OR ID = @SelectedBranchId) AND (IsDeleted IS NULL OR IsDeleted = 0)) GROUP BY sa.Student_ID, sm.FirstName, sm.LastName ORDER BY AbsentDays DESC"
421,attendance,staff attendance today how many present,"BranchMaster,Staff_Attendance,UserAccountMaster,UserAccountRoleDetails","admin,attendance,other:rbac",,0,,0,,,,,,SELECT COUNT(*) AS PresentToday FROM Staff_Attendance WHERE BranchID IN (SELECT BranchID FROM UserAccountRoleDetails WHERE UserID = @UserId AND (@SelectedBranchId IS NULL OR BranchID = @SelectedBranchId) UNION SELECT ID FROM BranchMaster WHERE EXISTS (SELECT 1 FROM UserAccountMaster WHERE ID = @UserId AND IsSuperUser = 1) AND (@SelectedBranchId IS NULL OR ID = @SelectedBranchId) AND (IsDeleted IS NULL OR IsDeleted = 0)) AND Attendance_Date = CAST(GETDATE() AS DATE) AND Attendance_Status_ID = 1
420,attendance,which students absent continuously 3 days or more,"BranchMaster,ClassMaster,SectionMaster,StudentAttendance,Student_Master,UserAccountMaster,UserAccountRoleDetails","admin,attendance,other:rbac,students",,0,,0,,,,,,"SELECT sm.AdmissionNo, ISNULL(sm.FirstName, '') + ' ' + ISNULL(sm.MiddleName, '') + ' ' + ISNULL(sm.LastName, '') AS StudentName, cm.Name AS ClassName, secm.Name AS SectionName, COUNT(*) AS ConsecutiveAbsentDays FROM StudentAttendance sa INNER JOIN Student_Master sm ON sa.Student_ID = sm.ID INNER JOIN ClassMaster cm ON sa.Class_ID = cm.ID INNER JOIN SectionMaster secm ON sa.Section_ID = secm.ID WHERE sa.Attendance_Status_ID = 2 AND sa.BranchID IN (SELECT BranchID FROM UserAccountRoleDetails WHERE UserID = @UserId AND (@SelectedBranchId IS NULL OR BranchID = @SelectedBranchId) UNION SELECT ID FROM BranchMaster WHERE EXISTS (SELECT 1 FROM UserAccountMaster WHERE ID = @UserId AND IsSuperUser = 1) AND (@SelectedBranchId IS NULL OR ID = @SelectedBranchId) AND (IsDeleted IS NULL OR IsDeleted = 0)) GROUP BY sm.AdmissionNo, ISNULL(sm.FirstName, '') + ' ' + ISNULL(sm.MiddleName, '') + ' ' + ISNULL(sm.LastName, ''), cm.Name, secm.Name HAVING COUNT(*) >= 3 ORDER BY ConsecutiveAbsentDays DESC"
419,attendance,attendance percentage of class 10 this month,"BranchMaster,ClassMaster,StudentAttendance,UserAccountMaster,UserAccountRoleDetails","admin,attendance,other:rbac,students",,0,,0,,,,,,"SELECT CAST(COUNT(CASE WHEN sa.Attendance_Status_ID = 1 THEN 1 END) * 100.0 / NULLIF(COUNT(*), 0) AS DECIMAL(5,2)) AS AttendancePercentage FROM StudentAttendance sa INNER JOIN ClassMaster cm ON sa.Class_ID = cm.ID WHERE cm.Name IN ('Class 10', 'X') AND DATEPART(MONTH, sa.Attendance_Date) = DATEPART(MONTH, GETDATE()) AND DATEPART(YEAR, sa.Attendance_Date) = DATEPART(YEAR, GETDATE()) AND sa.BranchID IN (SELECT BranchID FROM UserAccountRoleDetails WHERE UserID = @UserId AND (@SelectedBranchId IS NULL OR BranchID = @SelectedBranchId) UNION SELECT ID FROM BranchMaster WHERE EXISTS (SELECT 1 FROM UserAccountMaster WHERE ID = @UserId AND IsSuperUser = 1) AND (@SelectedBranchId IS NULL OR ID = @SelectedBranchId) AND (IsDeleted IS NULL OR IsDeleted = 0))"
418,attendance,who all are on long leave since many days,"BranchMaster,Branch_Academic_Details,LeaveEntryMaster,UserAccountMaster,UserAccountRoleDetails","admin,attendance,other:rbac",,0,,0,,,,,,"SELECT lem.Staff_Name AS StaffName, lem.LeaveFromDate, lem.NoOfDays FROM LeaveEntryMaster lem WHERE lem.BranchID IN (SELECT BranchID FROM UserAccountRoleDetails WHERE UserID = @UserId AND (@SelectedBranchId IS NULL OR BranchID = @SelectedBranchId) UNION SELECT ID FROM BranchMaster WHERE EXISTS (SELECT 1 FROM UserAccountMaster WHERE ID = @UserId AND IsSuperUser = 1) AND (@SelectedBranchId IS NULL OR ID = @SelectedBranchId) AND (IsDeleted IS NULL OR IsDeleted = 0)) AND lem.AcademicYearID IN (SELECT Id FROM Branch_Academic_Details WHERE GETDATE() BETWEEN Start_Date AND End_Date AND Branch_Id IN (SELECT BranchID FROM UserAccountRoleDetails WHERE UserID = @UserId AND (@SelectedBranchId IS NULL OR BranchID = @SelectedBranchId) UNION SELECT ID FROM BranchMaster WHERE EXISTS (SELECT 1 FROM UserAccountMaster WHERE ID = @UserId AND IsSuperUser = 1) AND (@SelectedBranchId IS NULL OR ID = @SelectedBranchId) AND (IsDeleted IS NULL OR IsDeleted = 0))) AND (lem.IsDeleted = 0 OR lem.IsDeleted IS NULL) AND lem.LeaveStatus_ID = 1 AND lem.NoOfDays > 3 ORDER BY lem.NoOfDays DESC"
417,attendance,show me students with less than 75 percent attendance,"BranchMaster,Branch_Academic_Details,ClassMaster,StudentAttendance,Student_Master,UserAccountMaster,UserAccountRoleDetails","admin,attendance,other:rbac,students",,0,,0,,,,,,"SELECT sm.AdmissionNo, ISNULL(sm.FirstName, '') + ' ' + ISNULL(sm.MiddleName, '') + ' ' + ISNULL(sm.LastName, '') AS StudentName, cm.Name AS ClassName, CAST(SUM(CASE WHEN sa.Attendance_Status_ID = 1 THEN 1 ELSE 0 END) * 100.0 / NULLIF(COUNT(*), 0) AS DECIMAL(5,2)) AS AttendancePercent FROM StudentAttendance sa INNER JOIN Student_Master sm ON sa.Student_ID = sm.ID INNER JOIN ClassMaster cm ON sa.Class_ID = cm.ID WHERE sa.BranchID IN (SELECT BranchID FROM UserAccountRoleDetails WHERE UserID = @UserId AND (@SelectedBranchId IS NULL OR BranchID = @SelectedBranchId) UNION SELECT ID FROM BranchMaster WHERE EXISTS (SELECT 1 FROM UserAccountMaster WHERE ID = @UserId AND IsSuperUser = 1) AND (@SelectedBranchId IS NULL OR ID = @SelectedBranchId) AND (IsDeleted IS NULL OR IsDeleted = 0)) AND sa.AcademicYearID IN (SELECT Id FROM Branch_Academic_Details WHERE GETDATE() BETWEEN Start_Date AND End_Date AND Branch_Id IN (SELECT BranchID FROM UserAccountRoleDetails WHERE UserID = @UserId AND (@SelectedBranchId IS NULL OR BranchID = @SelectedBranchId) UNION SELECT ID FROM BranchMaster WHERE EXISTS (SELECT 1 FROM UserAccountMaster WHERE ID = @UserId AND IsSuperUser = 1) AND (@SelectedBranchId IS NULL OR ID = @SelectedBranchId) AND (IsDeleted IS NULL OR IsDeleted = 0))) GROUP BY sm.AdmissionNo, sm.FirstName, sm.MiddleName, sm.LastName, cm.Name HAVING CAST(SUM(CASE WHEN sa.Attendance_Status_ID = 1 THEN 1 ELSE 0 END) * 100.0 / NULLIF(COUNT(*), 0) AS DECIMAL(5,2)) < 75 ORDER BY AttendancePercent"
416,attendance,how many students absent today total,"BranchMaster,StudentAttendance,UserAccountMaster,UserAccountRoleDetails","admin,attendance,other:rbac",,0,,0,,,,,,SELECT COUNT(*) AS AbsentToday FROM StudentAttendance sa WHERE CAST(sa.Attendance_Date AS DATE) = CAST(GETDATE() AS DATE) AND sa.Attendance_Status_ID = 2 AND sa.BranchID IN (SELECT BranchID FROM UserAccountRoleDetails WHERE UserID = @UserId AND (@SelectedBranchId IS NULL OR BranchID = @SelectedBranchId) UNION SELECT ID FROM BranchMaster WHERE EXISTS (SELECT 1 FROM UserAccountMaster WHERE ID = @UserId AND IsSuperUser = 1) AND (@SelectedBranchId IS NULL OR ID = @SelectedBranchId) AND (IsDeleted IS NULL OR IsDeleted = 0))
415,attendance,which class has lowest attendance today?,"BranchMaster,ClassMaster,StudentAttendance,UserAccountMaster,UserAccountRoleDetails","admin,attendance,other:rbac,students",,0,,0,,,,,,"SELECT TOP 1 cm.Name AS class_name, CAST(SUM(CASE WHEN sa.Attendance_Status_ID = 1 THEN 1 ELSE 0 END) * 100.0 / NULLIF(COUNT(*), 0) AS DECIMAL(5,2)) AS attendance_pct FROM StudentAttendance sa JOIN ClassMaster cm ON sa.Class_ID = cm.ID WHERE CAST(sa.Attendance_Date AS DATE) = CAST(GETDATE() AS DATE) AND sa.BranchID IN (SELECT BranchID FROM UserAccountRoleDetails WHERE UserID = @UserId AND (@SelectedBranchId IS NULL OR BranchID = @SelectedBranchId) UNION SELECT ID FROM BranchMaster WHERE EXISTS (SELECT 1 FROM UserAccountMaster WHERE ID = @UserId AND IsSuperUser = 1) AND (@SelectedBranchId IS NULL OR ID = @SelectedBranchId) AND (IsDeleted IS NULL OR IsDeleted = 0)) GROUP BY cm.Name ORDER BY attendance_pct ASC"
414,exams,which subject has widest gap between topper and average,"BranchMaster,Branch_Academic_Details,ProgressCardDataRetrieval,UserAccountMaster,UserAccountRoleDetails","admin,exams,other:rbac",,0,,0,,,,,,"SELECT TOP 1 pc.SubjectName AS SubjectName, MAX(pc.Marks) AS HighestMarks, AVG(pc.Marks) AS AvgMarks, MIN(pc.Marks) AS LowestMarks FROM ProgressCardDataRetrieval pc WHERE pc.BranchID IN (SELECT BranchID FROM UserAccountRoleDetails WHERE UserID = @UserId AND (@SelectedBranchId IS NULL OR BranchID = @SelectedBranchId) UNION SELECT ID FROM BranchMaster WHERE EXISTS (SELECT 1 FROM UserAccountMaster WHERE ID = @UserId AND IsSuperUser = 1) AND (@SelectedBranchId IS NULL OR ID = @SelectedBranchId) AND (IsDeleted IS NULL OR IsDeleted = 0)) AND pc.AcademicYearID IN (SELECT Id FROM Branch_Academic_Details WHERE GETDATE() BETWEEN Start_Date AND End_Date AND Branch_Id IN (SELECT BranchID FROM UserAccountRoleDetails WHERE UserID = @UserId AND (@SelectedBranchId IS NULL OR BranchID = @SelectedBranchId) UNION SELECT ID FROM BranchMaster WHERE EXISTS (SELECT 1 FROM UserAccountMaster WHERE ID = @UserId AND IsSuperUser = 1) AND (@SelectedBranchId IS NULL OR ID = @SelectedBranchId) AND (IsDeleted IS NULL OR IsDeleted = 0))) AND (pc.IsDeleted = 0 OR pc.IsDeleted IS NULL) AND (pc.Others IS NULL OR pc.Others NOT IN ('NA', 'NT', 'OP')) AND pc.SubjectTypeID = 1 GROUP BY pc.SubjectName ORDER BY MAX(pc.Marks) - AVG(pc.Marks) DESC"
413,students/general,how many exams conducted this academic year till now,"BranchMaster,Branch_Academic_Details,ExamTypeMaster,UserAccountMaster,UserAccountRoleDetails","admin,exams,other:rbac",,0,,0,,,,,,SELECT COUNT(DISTINCT et.ID) AS ExamCount FROM ExamTypeMaster et INNER JOIN Branch_Academic_Details b ON et.AcademicYearID = b.Id WHERE et.BranchID IN (SELECT BranchID FROM UserAccountRoleDetails WHERE UserID = @UserId AND (@SelectedBranchId IS NULL OR BranchID = @SelectedBranchId) UNION SELECT ID FROM BranchMaster WHERE EXISTS (SELECT 1 FROM UserAccountMaster WHERE ID = @UserId AND IsSuperUser = 1) AND (@SelectedBranchId IS NULL OR ID = @SelectedBranchId) AND (IsDeleted IS NULL OR IsDeleted = 0)) AND et.IsDeleted = 0 AND GETDATE() BETWEEN b.Start_Date AND b.End_Date
409,exams,how many got single digit marks anywhere concerning,"BranchMaster,StudentMarkDetails,StudentMarkMaster,UserAccountMaster,UserAccountRoleDetails","admin,exams,other:rbac",,0,,0,,,,,,"SELECT COUNT(DISTINCT smd.StudentID) AS StudentsWithSingleDigit FROM StudentMarkDetails smd INNER JOIN StudentMarkMaster smm ON smd.HeaderID = smm.ID WHERE smd.BranchID IN (SELECT BranchID FROM UserAccountRoleDetails WHERE UserID = @UserId AND (@SelectedBranchId IS NULL OR BranchID = @SelectedBranchId) UNION SELECT ID FROM BranchMaster WHERE EXISTS (SELECT 1 FROM UserAccountMaster WHERE ID = @UserId AND IsSuperUser = 1) AND (@SelectedBranchId IS NULL OR ID = @SelectedBranchId) AND (IsDeleted IS NULL OR IsDeleted = 0)) AND smd.Deleted = 0 AND smm.Deleted = 0 AND CAST(smd.Marks AS DECIMAL(5,2)) < 10"
407,exams,give class 10 pre board result analysis for meeting,"ClassMaster,ExamTypeMaster,StudentMarkDetails,StudentMarkMaster,UserAccountRoleDetails","exams,other:rbac,students",,0,,1,RBAC-001:Branch scoping present but super-user UNION is missing.,,,,,"SELECT COUNT(DISTINCT smd.StudentID) AS TotalStudents, CAST(AVG(smd.Marks) AS DECIMAL(5,2)) AS AvgMarks, MAX(smd.Marks) AS HighestMarks, MIN(smd.Marks) AS LowestMarks FROM StudentMarkDetails smd INNER JOIN StudentMarkMaster smm ON smd.HeaderID = smm.ID WHERE smd.BranchID IN (SELECT BranchID FROM UserAccountRoleDetails WHERE UserID = @UserId) AND smd.Deleted = 0 AND (smd.Others IS NULL OR smd.Others NOT IN ('NA', 'NT', 'OP')) AND smm.Deleted = 0 AND smm.ExamTypeID IN (SELECT ID FROM ExamTypeMaster WHERE Name LIKE '%Pre Board%') AND smm.ClassID = (SELECT ID FROM ClassMaster WHERE Name = 'Class 10')"
403,exams,which exam had lowest overall average this year,"BranchMaster,ExamTypeMaster,StudentMarkDetails,StudentMarkMaster,UserAccountMaster,UserAccountRoleDetails","admin,exams,other:rbac",,0,,0,,,,,,"SELECT TOP 1 et.Name AS ExamType, CAST(AVG(smd.Marks) AS DECIMAL(5,2)) AS AvgMarks FROM StudentMarkDetails smd INNER JOIN StudentMarkMaster smm ON smd.HeaderID = smm.ID INNER JOIN ExamTypeMaster et ON smm.ExamTypeID = et.ID WHERE smd.BranchID IN (SELECT BranchID FROM UserAccountRoleDetails WHERE UserID = @UserId AND (@SelectedBranchId IS NULL OR BranchID = @SelectedBranchId) UNION SELECT ID FROM BranchMaster WHERE EXISTS (SELECT 1 FROM UserAccountMaster WHERE ID = @UserId AND IsSuperUser = 1) AND (@SelectedBranchId IS NULL OR ID = @SelectedBranchId) AND (IsDeleted IS NULL OR IsDeleted = 0)) AND smd.Deleted = 0 AND (smd.Others IS NULL OR smd.Others NOT IN ('NA', 'NT', 'OP')) AND smm.Deleted = 0 AND et.IsDeleted = 0 GROUP BY et.Name ORDER BY AvgMarks ASC"
402,fees,students eligible for scholarship based on marks,"BranchMaster,ClassMaster,SectionMaster,StudentMarkDetails,StudentMarkMaster,Student_Master,UserAccountMaster,UserAccountRoleDetails","admin,exams,other:rbac,students","Q[fees] vs SQL[exams,students]",0,,0,,,,,,"SELECT sm.AdmissionNo, ISNULL(sm.FirstName, '') + ' ' + ISNULL(sm.MiddleName, '') + ' ' + ISNULL(sm.LastName, '') AS StudentName, cm.Name AS ClassName, secm.Name AS SectionName FROM StudentMarkDetails sdm INNER JOIN StudentMarkMaster smm ON sdm.HeaderID = smm.ID INNER JOIN Student_Master sm ON sdm.StudentID = sm.ID INNER JOIN ClassMaster cm ON smm.ClassID = cm.ID JOIN SectionMaster secm ON smm.SectionID = secm.ID WHERE smm.BranchID IN (SELECT BranchID FROM UserAccountRoleDetails WHERE UserID = @UserId AND (@SelectedBranchId IS NULL OR BranchID = @SelectedBranchId) UNION SELECT ID FROM BranchMaster WHERE EXISTS (SELECT 1 FROM UserAccountMaster WHERE ID = @UserId AND IsSuperUser = 1) AND (@SelectedBranchId IS NULL OR ID = @SelectedBranchId) AND (IsDeleted IS NULL OR IsDeleted = 0)) AND smm.Deleted = 0 AND sdm.Deleted = 0 AND cm.Name IN ('VIII', 'Class 9') ORDER BY cm.Name, sm.FirstName"
401,exams,class 5 english reading test result summary,"BranchMaster,ClassMaster,ExamTypeMaster,StudentMarkDetails,StudentMarkMaster,UserAccountMaster,UserAccountRoleDetails","admin,exams,other:rbac,students",,0,,0,,,,,,"SELECT COUNT(DISTINCT smd.StudentID) AS TotalStudents, CAST(AVG(smd.Marks) AS DECIMAL(5,2)) AS AvgMarks, MAX(smd.Marks) AS HighestMarks, MIN(smd.Marks) AS LowestMarks FROM StudentMarkDetails smd INNER JOIN StudentMarkMaster smm ON smd.HeaderID = smm.ID INNER JOIN ExamTypeMaster etm ON smm.ExamTypeID = etm.ID INNER JOIN ClassMaster c ON smm.ClassID = c.ID WHERE smd.BranchID IN (SELECT BranchID FROM UserAccountRoleDetails WHERE UserID = @UserId AND (@SelectedBranchId IS NULL OR BranchID = @SelectedBranchId) UNION SELECT ID FROM BranchMaster WHERE EXISTS (SELECT 1 FROM UserAccountMaster WHERE ID = @UserId AND IsSuperUser = 1) AND (@SelectedBranchId IS NULL OR ID = @SelectedBranchId) AND (IsDeleted IS NULL OR IsDeleted = 0)) AND smd.Deleted = 0 AND (smd.Others IS NULL OR smd.Others NOT IN ('NA', 'NT', 'OP')) AND etm.Name LIKE '%Reading%' AND c.Name = 'Class 5'"
400,students/general,how many students scored between 80 and 90,"BranchMaster,Branch_Academic_Details,ProgressCardDataRetrieval,UserAccountMaster,UserAccountRoleDetails","admin,exams,other:rbac",,0,,0,,,,,,"SELECT COUNT(*) AS StudentCount FROM ProgressCardDataRetrieval pc WHERE (pc.Marks BETWEEN 80 AND 90 OR pc.Grade IN ('A', 'A-')) AND pc.BranchID IN (SELECT BranchID FROM UserAccountRoleDetails WHERE UserID = @UserId AND (@SelectedBranchId IS NULL OR BranchID = @SelectedBranchId) UNION SELECT ID FROM BranchMaster WHERE EXISTS (SELECT 1 FROM UserAccountMaster WHERE ID = @UserId AND IsSuperUser = 1) AND (@SelectedBranchId IS NULL OR ID = @SelectedBranchId) AND (IsDeleted IS NULL OR IsDeleted = 0)) AND pc.AcademicYearID IN (SELECT Id FROM Branch_Academic_Details WHERE GETDATE() BETWEEN Start_Date AND End_Date AND Branch_Id IN (SELECT BranchID FROM UserAccountRoleDetails WHERE UserID = @UserId AND (@SelectedBranchId IS NULL OR BranchID = @SelectedBranchId) UNION SELECT ID FROM BranchMaster WHERE EXISTS (SELECT 1 FROM UserAccountMaster WHERE ID = @UserId AND IsSuperUser = 1) AND (@SelectedBranchId IS NULL OR ID = @SelectedBranchId) AND (IsDeleted IS NULL OR IsDeleted = 0))) AND (pc.IsDeleted = 0 OR pc.IsDeleted IS NULL)"
399,exams,subject teachers whose results are consistently low,"BranchMaster,Branch_Academic_Details,ProgressCardDataRetrieval,UserAccountMaster,UserAccountRoleDetails","admin,exams,other:rbac",,0,,0,,,,,,"SELECT pc.SubjectName AS SubjectName, COUNT(DISTINCT pc.StudentID) AS StudentCount FROM ProgressCardDataRetrieval pc WHERE (pc.IsDeleted = 0 OR pc.IsDeleted IS NULL) AND pc.BranchID IN (SELECT BranchID FROM UserAccountRoleDetails WHERE UserID = @UserId AND (@SelectedBranchId IS NULL OR BranchID = @SelectedBranchId) UNION SELECT ID FROM BranchMaster WHERE EXISTS (SELECT 1 FROM UserAccountMaster WHERE ID = @UserId AND IsSuperUser = 1) AND (@SelectedBranchId IS NULL OR ID = @SelectedBranchId) AND (IsDeleted IS NULL OR IsDeleted = 0)) AND pc.AcademicYearID IN (SELECT Id FROM Branch_Academic_Details WHERE GETDATE() BETWEEN Start_Date AND End_Date AND Branch_Id IN (SELECT BranchID FROM UserAccountRoleDetails WHERE UserID = @UserId AND (@SelectedBranchId IS NULL OR BranchID = @SelectedBranchId) UNION SELECT ID FROM BranchMaster WHERE EXISTS (SELECT 1 FROM UserAccountMaster WHERE ID = @UserId AND IsSuperUser = 1) AND (@SelectedBranchId IS NULL OR ID = @SelectedBranchId) AND (IsDeleted IS NULL OR IsDeleted = 0))) GROUP BY pc.SubjectName ORDER BY StudentCount ASC"
398,exams,how is our board exam result trend last 3 years,"BranchMaster,Branch_Academic_Details,StudentMarkDetails,StudentMarkMaster,UserAccountMaster,UserAccountRoleDetails","admin,exams,other:rbac",,0,,0,,,,,,"SELECT bad.Name AS AcademicYear, CAST(AVG(smd.Marks) AS DECIMAL(5,2)) AS AvgMarks FROM StudentMarkDetails smd INNER JOIN StudentMarkMaster smm ON smd.HeaderID = smm.ID INNER JOIN Branch_Academic_Details bad ON smd.AcademicYearID = bad.Id WHERE smd.BranchID IN (SELECT BranchID FROM UserAccountRoleDetails WHERE UserID = @UserId AND (@SelectedBranchId IS NULL OR BranchID = @SelectedBranchId) UNION SELECT ID FROM BranchMaster WHERE EXISTS (SELECT 1 FROM UserAccountMaster WHERE ID = @UserId AND IsSuperUser = 1) AND (@SelectedBranchId IS NULL OR ID = @SelectedBranchId) AND (IsDeleted IS NULL OR IsDeleted = 0)) AND smd.Deleted = 0 AND (smd.Others IS NULL OR smd.Others NOT IN ('NA', 'NT', 'OP')) AND smm.Deleted = 0 AND bad.IsDeleted = 0 GROUP BY bad.Name ORDER BY bad.Name DESC"
397,students/general,give me the merit list top 20 school level,"BranchMaster,StudentMarkDetails,StudentMarkMaster,Student_Master,UserAccountMaster,UserAccountRoleDetails","admin,exams,other:rbac,students",,0,,0,,,,,,"SELECT TOP 20 smd.StudentID, stm.AdmissionNo, ISNULL(stm.FirstName,'') + ' ' + ISNULL(stm.LastName,'') AS StudentName, SUM(smd.Marks) AS TotalMarks FROM StudentMarkDetails smd INNER JOIN StudentMarkMaster smm ON smd.HeaderID = smm.ID INNER JOIN Student_Master stm ON smd.StudentID = stm.ID WHERE smd.BranchID IN (SELECT BranchID FROM UserAccountRoleDetails WHERE UserID = @UserId AND (@SelectedBranchId IS NULL OR BranchID = @SelectedBranchId) UNION SELECT ID FROM BranchMaster WHERE EXISTS (SELECT 1 FROM UserAccountMaster WHERE ID = @UserId AND IsSuperUser = 1) AND (@SelectedBranchId IS NULL OR ID = @SelectedBranchId) AND (IsDeleted IS NULL OR IsDeleted = 0)) AND smd.Deleted = 0 AND (smd.Others IS NULL OR smd.Others NOT IN ('NA', 'NT', 'OP')) AND smm.Deleted = 0 GROUP BY smd.StudentID, stm.AdmissionNo, stm.FirstName, stm.LastName ORDER BY TotalMarks DESC"
396,students/general,which class had highest fail percentage this year,"BranchMaster,ClassMaster,ExamConfigurationEvaluationDetails,StudentMarkDetails,StudentMarkMaster,UserAccountMaster,UserAccountRoleDetails","admin,exams,hr,other:rbac,students",,0,,0,,,,,,"SELECT TOP 1 c.Name AS ClassName, CAST(SUM(CASE WHEN smd.Marks < eced.MinMark OR (smd.Others IS NOT NULL AND smd.Others = 'AB') THEN 1 ELSE 0 END) * 100.0 / COUNT(*) AS DECIMAL(5,2)) AS FailPercentage FROM StudentMarkDetails smd INNER JOIN ExamConfigurationEvaluationDetails eced ON smd.EvalHierID = eced.ID INNER JOIN StudentMarkMaster smm ON smd.HeaderID = smm.ID INNER JOIN ClassMaster c ON smm.ClassID = c.ID WHERE smd.BranchID IN (SELECT BranchID FROM UserAccountRoleDetails WHERE UserID = @UserId AND (@SelectedBranchId IS NULL OR BranchID = @SelectedBranchId) UNION SELECT ID FROM BranchMaster WHERE EXISTS (SELECT 1 FROM UserAccountMaster WHERE ID = @UserId AND IsSuperUser = 1) AND (@SelectedBranchId IS NULL OR ID = @SelectedBranchId) AND (IsDeleted IS NULL OR IsDeleted = 0)) AND smd.Deleted = 0 AND smm.Deleted = 0 GROUP BY c.Name ORDER BY FailPercentage DESC"
395,attendance,students who were absent for exam need reexam list,"BranchMaster,Branch_Academic_Details,ClassMaster,SectionMaster,StudentAttendance,Student_Master,UserAccountMaster,UserAccountRoleDetails","admin,attendance,other:rbac,students",,0,,0,,,,,,"SELECT sm.AdmissionNo, ISNULL(sm.FirstName, '') + ' ' + ISNULL(sm.MiddleName, '') + ' ' + ISNULL(sm.LastName, '') AS StudentName, cm.Name AS ClassName, secm.Name AS SectionName FROM StudentAttendance sa INNER JOIN Student_Master sm ON sa.Student_ID = sm.ID INNER JOIN ClassMaster cm ON sa.Class_ID = cm.ID INNER JOIN SectionMaster secm ON sa.Section_ID = secm.ID WHERE sa.Attendance_Status_ID = 2 AND sa.BranchID IN (SELECT BranchID FROM UserAccountRoleDetails WHERE UserID = @UserId AND (@SelectedBranchId IS NULL OR BranchID = @SelectedBranchId) UNION SELECT ID FROM BranchMaster WHERE EXISTS (SELECT 1 FROM UserAccountMaster WHERE ID = @UserId AND IsSuperUser = 1) AND (@SelectedBranchId IS NULL OR ID = @SelectedBranchId) AND (IsDeleted IS NULL OR IsDeleted = 0)) AND sa.AcademicYearID IN (SELECT Id FROM Branch_Academic_Details WHERE GETDATE() BETWEEN Start_Date AND End_Date AND Branch_Id IN (SELECT BranchID FROM UserAccountRoleDetails WHERE UserID = @UserId AND (@SelectedBranchId IS NULL OR BranchID = @SelectedBranchId) UNION SELECT ID FROM BranchMaster WHERE EXISTS (SELECT 1 FROM UserAccountMaster WHERE ID = @UserId AND IsSuperUser = 1) AND (@SelectedBranchId IS NULL OR ID = @SelectedBranchId) AND (IsDeleted IS NULL OR IsDeleted = 0)))"
394,exams,result declared for all classes or pending somewhere,"BranchMaster,ClassMaster,StudentMarkDetails,StudentMarkMaster,UserAccountMaster,UserAccountRoleDetails","admin,exams,other:rbac,students",,0,,0,,,,,,"SELECT cm.Name AS ClassName, CASE WHEN EXISTS (SELECT 1 FROM StudentMarkDetails smd INNER JOIN StudentMarkMaster smm ON smd.HeaderID = smm.ID WHERE smd.BranchID IN (SELECT BranchID FROM UserAccountRoleDetails WHERE UserID = @UserId AND (@SelectedBranchId IS NULL OR BranchID = @SelectedBranchId) UNION SELECT ID FROM BranchMaster WHERE EXISTS (SELECT 1 FROM UserAccountMaster WHERE ID = @UserId AND IsSuperUser = 1) AND (@SelectedBranchId IS NULL OR ID = @SelectedBranchId) AND (IsDeleted IS NULL OR IsDeleted = 0)) AND smd.Deleted = 0 AND (smd.Others IS NULL OR smd.Others NOT IN ('NA', 'NT', 'OP')) AND smm.Deleted = 0 AND smm.ClassID = cm.ID) THEN 'Declared' ELSE 'Pending' END AS Status FROM ClassMaster cm WHERE cm.BranchID IN (SELECT BranchID FROM UserAccountRoleDetails WHERE UserID = @UserId AND (@SelectedBranchId IS NULL OR BranchID = @SelectedBranchId) UNION SELECT ID FROM BranchMaster WHERE EXISTS (SELECT 1 FROM UserAccountMaster WHERE ID = @UserId AND IsSuperUser = 1) AND (@SelectedBranchId IS NULL OR ID = @SelectedBranchId) AND (IsDeleted IS NULL OR IsDeleted = 0)) AND cm.IsDeleted = 0 ORDER BY cm.DisplayOrder"
393,attendance,Who was absent today?,"BranchMaster,ClassMaster,SectionMaster,StudentAttendance,Student_Master,UserAccountMaster,UserAccountRoleDetails","admin,attendance,other:rbac,students",,0,,0,,,,,,"SELECT ISNULL(sm.FirstName, '') + ' ' + ISNULL(sm.MiddleName, '') + ' ' + ISNULL(sm.LastName, '') AS student_name, cm.Name AS class_name, sm.AdmissionNo, cm.Name AS ClassName, secm.Name AS SectionName FROM StudentAttendance sa JOIN Student_Master sm ON sa.Student_ID = sm.ID JOIN ClassMaster cm ON sa.Class_ID = cm.ID JOIN SectionMaster secm ON sa.Section_ID = secm.ID WHERE CAST(sa.Attendance_Date AS DATE) = CAST(GETDATE() AS DATE) AND sa.Attendance_Status_ID = 2 AND sa.BranchID IN (SELECT BranchID FROM UserAccountRoleDetails WHERE UserID = @UserId AND (@SelectedBranchId IS NULL OR BranchID = @SelectedBranchId) UNION SELECT ID FROM BranchMaster WHERE EXISTS (SELECT 1 FROM UserAccountMaster WHERE ID = @UserId AND IsSuperUser = 1) AND (@SelectedBranchId IS NULL OR ID = @SelectedBranchId) AND (IsDeleted IS NULL OR IsDeleted = 0)) ORDER BY cm.Name"
392,exams,who improved most from last exam give top 5,"BranchMaster,Branch_Academic_Details,ProgressCardDataRetrieval,UserAccountMaster,UserAccountRoleDetails","admin,exams,other:rbac",,0,,0,,,,,,"SELECT TOP 5 pc.StudentName AS StudentName, pc.SubjectName AS SubjectName, pc.Marks, pc.MaxMarks, CAST(pc.Marks * 100.0 / NULLIF(pc.MaxMarks, 0) AS DECIMAL(5,2)) AS Percentage FROM ProgressCardDataRetrieval pc WHERE pc.BranchID IN (SELECT BranchID FROM UserAccountRoleDetails WHERE UserID = @UserId AND (@SelectedBranchId IS NULL OR BranchID = @SelectedBranchId) UNION SELECT ID FROM BranchMaster WHERE EXISTS (SELECT 1 FROM UserAccountMaster WHERE ID = @UserId AND IsSuperUser = 1) AND (@SelectedBranchId IS NULL OR ID = @SelectedBranchId) AND (IsDeleted IS NULL OR IsDeleted = 0)) AND pc.AcademicYearID IN (SELECT Id FROM Branch_Academic_Details WHERE GETDATE() BETWEEN Start_Date AND End_Date AND Branch_Id IN (SELECT BranchID FROM UserAccountRoleDetails WHERE UserID = @UserId AND (@SelectedBranchId IS NULL OR BranchID = @SelectedBranchId) UNION SELECT ID FROM BranchMaster WHERE EXISTS (SELECT 1 FROM UserAccountMaster WHERE ID = @UserId AND IsSuperUser = 1) AND (@SelectedBranchId IS NULL OR ID = @SelectedBranchId) AND (IsDeleted IS NULL OR IsDeleted = 0))) AND pc.SubjectTypeID = 1 ORDER BY Percentage DESC"
391,exams,average score in the recent maths test class 10,"BranchMaster,Branch_Academic_Details,ClassMaster,ProgressCardDataRetrieval,UserAccountMaster,UserAccountRoleDetails","admin,exams,other:rbac,students",,0,,0,,,,,,"SELECT CAST(AVG(pc.Marks) AS DECIMAL(5,2)) AS AvgMarks FROM ProgressCardDataRetrieval pc INNER JOIN ClassMaster cm ON pc.ClassID = cm.ID WHERE pc.SubjectName = 'Maths' AND cm.Name IN ('Class 10', 'X') AND pc.BranchID IN (SELECT BranchID FROM UserAccountRoleDetails WHERE UserID = @UserId AND (@SelectedBranchId IS NULL OR BranchID = @SelectedBranchId) UNION SELECT ID FROM BranchMaster WHERE EXISTS (SELECT 1 FROM UserAccountMaster WHERE ID = @UserId AND IsSuperUser = 1) AND (@SelectedBranchId IS NULL OR ID = @SelectedBranchId) AND (IsDeleted IS NULL OR IsDeleted = 0)) AND pc.AcademicYearID IN (SELECT Id FROM Branch_Academic_Details WHERE GETDATE() BETWEEN Start_Date AND End_Date AND Branch_Id IN (SELECT BranchID FROM UserAccountRoleDetails WHERE UserID = @UserId AND (@SelectedBranchId IS NULL OR BranchID = @SelectedBranchId) UNION SELECT ID FROM BranchMaster WHERE EXISTS (SELECT 1 FROM UserAccountMaster WHERE ID = @UserId AND IsSuperUser = 1) AND (@SelectedBranchId IS NULL OR ID = @SelectedBranchId) AND (IsDeleted IS NULL OR IsDeleted = 0))) AND (pc.Others IS NULL OR pc.Others NOT IN ('NA', 'NT', 'OP'))"
387,students/general,which subject students struggling most need extra classes,"BranchMaster,Branch_Academic_Details,ProgressCardDataRetrieval,UserAccountMaster,UserAccountRoleDetails","admin,exams,other:rbac",,0,,0,,,,,,"SELECT TOP 10 pc.SubjectName AS SubjectName, CAST(AVG(pc.Marks) AS DECIMAL(5,2)) AS AvgMarks FROM ProgressCardDataRetrieval pc WHERE (pc.IsDeleted = 0 OR pc.IsDeleted IS NULL) AND pc.BranchID IN (SELECT BranchID FROM UserAccountRoleDetails WHERE UserID = @UserId AND (@SelectedBranchId IS NULL OR BranchID = @SelectedBranchId) UNION SELECT ID FROM BranchMaster WHERE EXISTS (SELECT 1 FROM UserAccountMaster WHERE ID = @UserId AND IsSuperUser = 1) AND (@SelectedBranchId IS NULL OR ID = @SelectedBranchId) AND (IsDeleted IS NULL OR IsDeleted = 0)) AND pc.AcademicYearID IN (SELECT Id FROM Branch_Academic_Details WHERE GETDATE() BETWEEN Start_Date AND End_Date AND Branch_Id IN (SELECT BranchID FROM UserAccountRoleDetails WHERE UserID = @UserId AND (@SelectedBranchId IS NULL OR BranchID = @SelectedBranchId) UNION SELECT ID FROM BranchMaster WHERE EXISTS (SELECT 1 FROM UserAccountMaster WHERE ID = @UserId AND IsSuperUser = 1) AND (@SelectedBranchId IS NULL OR ID = @SelectedBranchId) AND (IsDeleted IS NULL OR IsDeleted = 0))) AND (pc.Others IS NULL OR pc.Others NOT IN ('NA', 'NT', 'OP')) AND pc.SubjectTypeID = 1 GROUP BY pc.SubjectName HAVING AVG(pc.Marks) < 35 ORDER BY AvgMarks ASC"
386,exams,how many students in each grade A B C D,"BranchMaster,Branch_Academic_Details,ProgressCardDataRetrieval,UserAccountMaster,UserAccountRoleDetails","admin,exams,other:rbac",,0,,0,,,,,,"SELECT Grade, COUNT(*) AS StudentCount FROM ProgressCardDataRetrieval pc WHERE pc.BranchID IN (SELECT BranchID FROM UserAccountRoleDetails WHERE UserID = @UserId AND (@SelectedBranchId IS NULL OR BranchID = @SelectedBranchId) UNION SELECT ID FROM BranchMaster WHERE EXISTS (SELECT 1 FROM UserAccountMaster WHERE ID = @UserId AND IsSuperUser = 1) AND (@SelectedBranchId IS NULL OR ID = @SelectedBranchId) AND (IsDeleted IS NULL OR IsDeleted = 0)) AND pc.AcademicYearID IN (SELECT Id FROM Branch_Academic_Details WHERE GETDATE() BETWEEN Start_Date AND End_Date AND Branch_Id IN (SELECT BranchID FROM UserAccountRoleDetails WHERE UserID = @UserId AND (@SelectedBranchId IS NULL OR BranchID = @SelectedBranchId) UNION SELECT ID FROM BranchMaster WHERE EXISTS (SELECT 1 FROM UserAccountMaster WHERE ID = @UserId AND IsSuperUser = 1) AND (@SelectedBranchId IS NULL OR ID = @SelectedBranchId) AND (IsDeleted IS NULL OR IsDeleted = 0))) AND Grade IN ('A', 'B', 'C', 'D') GROUP BY Grade ORDER BY Grade"
385,students/general,lowest scoring section in the school,"BranchMaster,ClassMaster,SectionMaster,StudentMarkDetails,StudentMarkMaster,UserAccountMaster,UserAccountRoleDetails","admin,exams,other:rbac,students",,0,,0,,,,,,"SELECT TOP 1 cm.Name AS ClassName, secm.Name AS SectionName, CAST(AVG(smd.Marks) AS DECIMAL(5,2)) AS AvgMarks FROM StudentMarkDetails smd INNER JOIN StudentMarkMaster smm ON smd.HeaderID = smm.ID INNER JOIN ClassMaster cm ON smm.ClassID = cm.ID INNER JOIN SectionMaster secm ON smm.SectionID = secm.ID WHERE smd.BranchID IN (SELECT BranchID FROM UserAccountRoleDetails WHERE UserID = @UserId AND (@SelectedBranchId IS NULL OR BranchID = @SelectedBranchId) UNION SELECT ID FROM BranchMaster WHERE EXISTS (SELECT 1 FROM UserAccountMaster WHERE ID = @UserId AND IsSuperUser = 1) AND (@SelectedBranchId IS NULL OR ID = @SelectedBranchId) AND (IsDeleted IS NULL OR IsDeleted = 0)) AND smd.Deleted = 0 AND (smd.Others IS NULL OR smd.Others NOT IN ('NA', 'NT', 'OP')) AND smm.Deleted = 0 GROUP BY cm.Name, secm.Name ORDER BY AvgMarks ASC"
384,students/general,students consistently topping last 3 exams,"BranchMaster,StudentMarkDetails,StudentMarkMaster,Student_Master,UserAccountMaster,UserAccountRoleDetails","admin,exams,other:rbac,students",,0,,0,,,,,,"SELECT smd.StudentID, stm.AdmissionNo, ISNULL(stm.FirstName,'') + ' ' + ISNULL(stm.LastName,'') AS StudentName, CAST(AVG(smd.Marks) AS DECIMAL(5,2)) AS AvgMarks FROM StudentMarkDetails smd INNER JOIN StudentMarkMaster smm ON smd.HeaderID = smm.ID INNER JOIN Student_Master stm ON smd.StudentID = stm.ID WHERE smd.BranchID IN (SELECT BranchID FROM UserAccountRoleDetails WHERE UserID = @UserId AND (@SelectedBranchId IS NULL OR BranchID = @SelectedBranchId) UNION SELECT ID FROM BranchMaster WHERE EXISTS (SELECT 1 FROM UserAccountMaster WHERE ID = @UserId AND IsSuperUser = 1) AND (@SelectedBranchId IS NULL OR ID = @SelectedBranchId) AND (IsDeleted IS NULL OR IsDeleted = 0)) AND smd.Deleted = 0 AND (smd.Others IS NULL OR smd.Others NOT IN ('NA', 'NT', 'OP')) AND smm.Deleted = 0 GROUP BY smd.StudentID, stm.AdmissionNo, stm.FirstName, stm.LastName HAVING COUNT(DISTINCT smm.ExamTypeID) >= 3 ORDER BY AvgMarks DESC"
383,exams,compare half yearly and final exam performance class 9,"BranchMaster,ClassMaster,ExamTypeMaster,StudentMarkDetails,StudentMarkMaster,UserAccountMaster,UserAccountRoleDetails","admin,exams,other:rbac,students",,0,,0,,,,,,"SELECT et.Name AS ExamType, CAST(AVG(smd.Marks) AS DECIMAL(5,2)) AS AvgMarks FROM StudentMarkDetails smd INNER JOIN StudentMarkMaster smm ON smd.HeaderID = smm.ID INNER JOIN ExamTypeMaster et ON smm.ExamTypeID = et.ID INNER JOIN ClassMaster c ON smm.ClassID = c.ID WHERE smd.BranchID IN (SELECT BranchID FROM UserAccountRoleDetails WHERE UserID = @UserId AND (@SelectedBranchId IS NULL OR BranchID = @SelectedBranchId) UNION SELECT ID FROM BranchMaster WHERE EXISTS (SELECT 1 FROM UserAccountMaster WHERE ID = @UserId AND IsSuperUser = 1) AND (@SelectedBranchId IS NULL OR ID = @SelectedBranchId) AND (IsDeleted IS NULL OR IsDeleted = 0)) AND smd.Deleted = 0 AND (smd.Others IS NULL OR smd.Others NOT IN ('NA', 'NT', 'OP')) AND smm.Deleted = 0 AND et.IsDeleted = 0 AND c.Name = 'Class 9' GROUP BY et.Name"
381,exams,how many students got full marks in any subject,"BranchMaster,StudentMarkDetails,StudentMarkMaster,UserAccountMaster,UserAccountRoleDetails","admin,exams,other:rbac",,0,,0,,,,,,SELECT COUNT(DISTINCT smd.StudentID) AS FullMarksStudents FROM StudentMarkDetails smd INNER JOIN StudentMarkMaster smm ON smd.HeaderID = smm.ID WHERE smd.BranchID IN (SELECT BranchID FROM UserAccountRoleDetails WHERE UserID = @UserId AND (@SelectedBranchId IS NULL OR BranchID = @SelectedBranchId) UNION SELECT ID FROM BranchMaster WHERE EXISTS (SELECT 1 FROM UserAccountMaster WHERE ID = @UserId AND IsSuperUser = 1) AND (@SelectedBranchId IS NULL OR ID = @SelectedBranchId) AND (IsDeleted IS NULL OR IsDeleted = 0)) AND smd.Deleted = 0 AND smm.Deleted = 0 AND smd.Marks = 100
380,students/general,failure count subject wise for board classes,"BranchMaster,Branch_Academic_Details,ClassMaster,ProgressCardDataRetrieval,UserAccountMaster,UserAccountRoleDetails","admin,exams,other:rbac,students",,0,,0,,,,,,"SELECT pc.SubjectName AS SubjectName, COUNT(*) AS FailureCount FROM ProgressCardDataRetrieval pc INNER JOIN ClassMaster cm ON pc.ClassID = cm.ID WHERE (pc.Marks < pc.MinMark OR pc.Others = 'AB') AND pc.BranchID IN (SELECT BranchID FROM UserAccountRoleDetails WHERE UserID = @UserId AND (@SelectedBranchId IS NULL OR BranchID = @SelectedBranchId) UNION SELECT ID FROM BranchMaster WHERE EXISTS (SELECT 1 FROM UserAccountMaster WHERE ID = @UserId AND IsSuperUser = 1) AND (@SelectedBranchId IS NULL OR ID = @SelectedBranchId) AND (IsDeleted IS NULL OR IsDeleted = 0)) AND pc.AcademicYearID IN (SELECT Id FROM Branch_Academic_Details WHERE GETDATE() BETWEEN Start_Date AND End_Date AND Branch_Id IN (SELECT BranchID FROM UserAccountRoleDetails WHERE UserID = @UserId AND (@SelectedBranchId IS NULL OR BranchID = @SelectedBranchId) UNION SELECT ID FROM BranchMaster WHERE EXISTS (SELECT 1 FROM UserAccountMaster WHERE ID = @UserId AND IsSuperUser = 1) AND (@SelectedBranchId IS NULL OR ID = @SelectedBranchId) AND (IsDeleted IS NULL OR IsDeleted = 0))) AND cm.Name IN ('X', 'Class 12') AND (pc.IsDeleted = 0 OR pc.IsDeleted IS NULL) AND pc.SubjectTypeID = 1 GROUP BY pc.SubjectName ORDER BY FailureCount DESC"
379,students/general,which class has most improvement this term,"BranchMaster,ClassMaster,StudentMarkDetails,StudentMarkMaster,UserAccountMaster,UserAccountRoleDetails","admin,exams,other:rbac,students",,0,,0,,,,,,"SELECT TOP 1 c.Name AS ClassName, CAST(AVG(smd.Marks) AS DECIMAL(5,2)) AS AvgMarks FROM StudentMarkDetails smd INNER JOIN StudentMarkMaster smm ON smd.HeaderID = smm.ID INNER JOIN ClassMaster c ON smm.ClassID = c.ID WHERE smd.BranchID IN (SELECT BranchID FROM UserAccountRoleDetails WHERE UserID = @UserId AND (@SelectedBranchId IS NULL OR BranchID = @SelectedBranchId) UNION SELECT ID FROM BranchMaster WHERE EXISTS (SELECT 1 FROM UserAccountMaster WHERE ID = @UserId AND IsSuperUser = 1) AND (@SelectedBranchId IS NULL OR ID = @SelectedBranchId) AND (IsDeleted IS NULL OR IsDeleted = 0)) AND smd.Deleted = 0 AND (smd.Others IS NULL OR smd.Others NOT IN ('NA', 'NT', 'OP')) AND smm.Deleted = 0 AND c.IsDeleted = 0 GROUP BY c.Name ORDER BY AvgMarks DESC"
378,exams,give me the marks of a particular student roll no 23 class 8,"BranchMaster,Branch_Academic_Details,ClassMaster,ProgressCardDataRetrieval,UserAccountMaster,UserAccountRoleDetails","admin,exams,other:rbac,students",,0,,0,,,,,,"SELECT pc.Marks, pc.MaxMarks, pc.AdmissionNo, pc.StudentName FROM ProgressCardDataRetrieval pc INNER JOIN ClassMaster cm ON pc.ClassID = cm.ID WHERE pc.BranchID IN (SELECT BranchID FROM UserAccountRoleDetails WHERE UserID = @UserId AND (@SelectedBranchId IS NULL OR BranchID = @SelectedBranchId) UNION SELECT ID FROM BranchMaster WHERE EXISTS (SELECT 1 FROM UserAccountMaster WHERE ID = @UserId AND IsSuperUser = 1) AND (@SelectedBranchId IS NULL OR ID = @SelectedBranchId) AND (IsDeleted IS NULL OR IsDeleted = 0)) AND pc.AcademicYearID IN (SELECT Id FROM Branch_Academic_Details WHERE GETDATE() BETWEEN Start_Date AND End_Date AND Branch_Id IN (SELECT BranchID FROM UserAccountRoleDetails WHERE UserID = @UserId AND (@SelectedBranchId IS NULL OR BranchID = @SelectedBranchId) UNION SELECT ID FROM BranchMaster WHERE EXISTS (SELECT 1 FROM UserAccountMaster WHERE ID = @UserId AND IsSuperUser = 1) AND (@SelectedBranchId IS NULL OR ID = @SelectedBranchId) AND (IsDeleted IS NULL OR IsDeleted = 0))) AND cm.Name IN ('Class 8', 'VIII') AND pc.AdmissionNo = '23'"
373,exams,subject wise topper list please,"BranchMaster,Branch_Academic_Details,ProgressCardDataRetrieval,UserAccountMaster,UserAccountRoleDetails","admin,exams,other:rbac",,0,,0,,,,,,"SELECT pc.SubjectName AS SubjectName, MAX(pc.Marks) AS HighestMarks FROM ProgressCardDataRetrieval pc WHERE pc.BranchID IN (SELECT BranchID FROM UserAccountRoleDetails WHERE UserID = @UserId AND (@SelectedBranchId IS NULL OR BranchID = @SelectedBranchId) UNION SELECT ID FROM BranchMaster WHERE EXISTS (SELECT 1 FROM UserAccountMaster WHERE ID = @UserId AND IsSuperUser = 1) AND (@SelectedBranchId IS NULL OR ID = @SelectedBranchId) AND (IsDeleted IS NULL OR IsDeleted = 0)) AND pc.AcademicYearID IN (SELECT Id FROM Branch_Academic_Details WHERE GETDATE() BETWEEN Start_Date AND End_Date AND Branch_Id IN (SELECT BranchID FROM UserAccountRoleDetails WHERE UserID = @UserId AND (@SelectedBranchId IS NULL OR BranchID = @SelectedBranchId) UNION SELECT ID FROM BranchMaster WHERE EXISTS (SELECT 1 FROM UserAccountMaster WHERE ID = @UserId AND IsSuperUser = 1) AND (@SelectedBranchId IS NULL OR ID = @SelectedBranchId) AND (IsDeleted IS NULL OR IsDeleted = 0))) AND (pc.IsDeleted = 0 OR pc.IsDeleted IS NULL) AND pc.SubjectTypeID = 1 GROUP BY pc.SubjectName ORDER BY HighestMarks DESC"
372,students/general,how many students in distinction category,"BranchMaster,StudentMarkDetails,StudentMarkMaster,UserAccountMaster,UserAccountRoleDetails","admin,exams,other:rbac",,0,,0,,,,,,SELECT COUNT(*) AS DistinctionCount FROM StudentMarkDetails smd INNER JOIN StudentMarkMaster smm ON smd.HeaderID = smm.ID WHERE smd.BranchID IN (SELECT BranchID FROM UserAccountRoleDetails WHERE UserID = @UserId AND (@SelectedBranchId IS NULL OR BranchID = @SelectedBranchId) UNION SELECT ID FROM BranchMaster WHERE EXISTS (SELECT 1 FROM UserAccountMaster WHERE ID = @UserId AND IsSuperUser = 1) AND (@SelectedBranchId IS NULL OR ID = @SelectedBranchId) AND (IsDeleted IS NULL OR IsDeleted = 0)) AND smd.Deleted = 0 AND smm.Deleted = 0 AND smd.Grade = 'D'
370,students/general,pass percentage boys vs girls class 10,"BranchMaster,Branch_Academic_Details,ClassMaster,ProgressCardDataRetrieval,Student_Master,UserAccountMaster,UserAccountRoleDetails","admin,exams,other:rbac,students",,0,,0,,,,,,"SELECT sm.Gender, CAST(SUM(CASE WHEN pc.Marks >= pc.MinMark AND (pc.Others IS NULL OR pc.Others <> 'AB') THEN 1 ELSE 0 END) * 100.0 / COUNT(*) AS DECIMAL(5,2)) AS PassPercentage FROM ProgressCardDataRetrieval pc INNER JOIN Student_Master sm ON pc.StudentID = sm.ID INNER JOIN ClassMaster cm ON pc.ClassID = cm.ID WHERE cm.Name IN ('Class 10', 'X') AND pc.BranchID IN (SELECT BranchID FROM UserAccountRoleDetails WHERE UserID = @UserId AND (@SelectedBranchId IS NULL OR BranchID = @SelectedBranchId) UNION SELECT ID FROM BranchMaster WHERE EXISTS (SELECT 1 FROM UserAccountMaster WHERE ID = @UserId AND IsSuperUser = 1) AND (@SelectedBranchId IS NULL OR ID = @SelectedBranchId) AND (IsDeleted IS NULL OR IsDeleted = 0)) AND pc.AcademicYearID IN (SELECT Id FROM Branch_Academic_Details WHERE GETDATE() BETWEEN Start_Date AND End_Date AND Branch_Id IN (SELECT BranchID FROM UserAccountRoleDetails WHERE UserID = @UserId AND (@SelectedBranchId IS NULL OR BranchID = @SelectedBranchId) UNION SELECT ID FROM BranchMaster WHERE EXISTS (SELECT 1 FROM UserAccountMaster WHERE ID = @UserId AND IsSuperUser = 1) AND (@SelectedBranchId IS NULL OR ID = @SelectedBranchId) AND (IsDeleted IS NULL OR IsDeleted = 0))) AND (pc.IsDeleted = 0 OR pc.IsDeleted IS NULL) GROUP BY sm.Gender"
369,exams,show me students who dropped in marks compared to last exam,"BranchMaster,StudentMarkDetails,StudentMarkMaster,Student_Master,UserAccountMaster,UserAccountRoleDetails","admin,exams,other:rbac,students",,0,,0,,,,,,"SELECT smd.StudentID, stm.AdmissionNo, ISNULL(stm.FirstName,'') + ' ' + ISNULL(stm.LastName,'') AS StudentName, COUNT(*) AS DecliningSubjects FROM StudentMarkDetails smd INNER JOIN StudentMarkMaster smm ON smd.HeaderID = smm.ID INNER JOIN Student_Master stm ON smd.StudentID = stm.ID WHERE smd.BranchID IN (SELECT BranchID FROM UserAccountRoleDetails WHERE UserID = @UserId AND (@SelectedBranchId IS NULL OR BranchID = @SelectedBranchId) UNION SELECT ID FROM BranchMaster WHERE EXISTS (SELECT 1 FROM UserAccountMaster WHERE ID = @UserId AND IsSuperUser = 1) AND (@SelectedBranchId IS NULL OR ID = @SelectedBranchId) AND (IsDeleted IS NULL OR IsDeleted = 0)) AND smd.Deleted = 0 AND smm.Deleted = 0 AND smd.Marks < (SELECT AVG(smd2.Marks) FROM StudentMarkDetails smd2 INNER JOIN StudentMarkMaster smm2 ON smd2.HeaderID = smm2.ID WHERE smd2.BranchID = smd.BranchID AND smd2.Deleted = 0 AND smm2.Deleted = 0 AND (smd2.Others IS NULL OR smd2.Others NOT IN ('NA', 'NT', 'OP')) AND smd.StudentID = smd2.StudentID) GROUP BY smd.StudentID, stm.AdmissionNo, stm.FirstName, stm.LastName HAVING COUNT(*) > 1 ORDER BY DecliningSubjects DESC"
368,exams,whos the topper of the whole school this term,"BranchMaster,StudentMarkDetails,StudentMarkMaster,Student_Master,UserAccountMaster,UserAccountRoleDetails","admin,exams,other:rbac,students",,0,,0,,,,,,"SELECT TOP 1 smd.StudentID, stm.AdmissionNo, ISNULL(stm.FirstName,'') + ' ' + ISNULL(stm.LastName,'') AS StudentName, SUM(smd.Marks) AS TotalMarks FROM StudentMarkDetails smd INNER JOIN StudentMarkMaster smm ON smd.HeaderID = smm.ID INNER JOIN Student_Master stm ON smd.StudentID = stm.ID WHERE smd.BranchID IN (SELECT BranchID FROM UserAccountRoleDetails WHERE UserID = @UserId AND (@SelectedBranchId IS NULL OR BranchID = @SelectedBranchId) UNION SELECT ID FROM BranchMaster WHERE EXISTS (SELECT 1 FROM UserAccountMaster WHERE ID = @UserId AND IsSuperUser = 1) AND (@SelectedBranchId IS NULL OR ID = @SelectedBranchId) AND (IsDeleted IS NULL OR IsDeleted = 0)) AND smd.Deleted = 0 AND (smd.Others IS NULL OR smd.Others NOT IN ('NA', 'NT', 'OP')) AND smm.Deleted = 0 GROUP BY smd.StudentID, stm.AdmissionNo, stm.FirstName, stm.LastName ORDER BY TotalMarks DESC"
367,hr,is salary done for june?,"BranchMaster,Branch_Academic_Details,GenerateSalary_Master,UserAccountMaster,UserAccountRoleDetails","admin,hr,other:rbac",,0,,0,,,,,,SELECT CASE WHEN EXISTS (SELECT 1 FROM GenerateSalary_Master gsm WHERE gsm.MonthID = 6 AND gsm.AcademicYearID IN (SELECT Id FROM Branch_Academic_Details WHERE GETDATE() BETWEEN Start_Date AND End_Date AND Branch_Id IN (SELECT BranchID FROM UserAccountRoleDetails WHERE UserID = @UserId AND (@SelectedBranchId IS NULL OR BranchID = @SelectedBranchId) UNION SELECT ID FROM BranchMaster WHERE EXISTS (SELECT 1 FROM UserAccountMaster WHERE ID = @UserId AND IsSuperUser = 1) AND (@SelectedBranchId IS NULL OR ID = @SelectedBranchId) AND (IsDeleted IS NULL OR IsDeleted = 0))) AND gsm.BranchID IN (SELECT BranchID FROM UserAccountRoleDetails WHERE UserID = @UserId AND (@SelectedBranchId IS NULL OR BranchID = @SelectedBranchId) UNION SELECT ID FROM BranchMaster WHERE EXISTS (SELECT 1 FROM UserAccountMaster WHERE ID = @UserId AND IsSuperUser = 1) AND (@SelectedBranchId IS NULL OR ID = @SelectedBranchId) AND (IsDeleted IS NULL OR IsDeleted = 0)) AND (gsm.IsDeleted = 0 OR gsm.IsDeleted IS NULL)) THEN 'Yes' ELSE 'No' END AS SalaryGenerated
366,exams,grade distribution for class 7 english,"BranchMaster,Branch_Academic_Details,ClassMaster,ProgressCardDataRetrieval,UserAccountMaster,UserAccountRoleDetails","admin,exams,other:rbac,students",,0,,0,,,,,,"SELECT pc.Grade, COUNT(*) AS StudentCount FROM ProgressCardDataRetrieval pc INNER JOIN ClassMaster cm ON pc.ClassID = cm.ID WHERE cm.Name IN ('Class 7', 'VII') AND pc.SubjectName = 'English' AND pc.BranchID IN (SELECT BranchID FROM UserAccountRoleDetails WHERE UserID = @UserId AND (@SelectedBranchId IS NULL OR BranchID = @SelectedBranchId) UNION SELECT ID FROM BranchMaster WHERE EXISTS (SELECT 1 FROM UserAccountMaster WHERE ID = @UserId AND IsSuperUser = 1) AND (@SelectedBranchId IS NULL OR ID = @SelectedBranchId) AND (IsDeleted IS NULL OR IsDeleted = 0)) AND pc.AcademicYearID IN (SELECT Id FROM Branch_Academic_Details WHERE GETDATE() BETWEEN Start_Date AND End_Date AND Branch_Id IN (SELECT BranchID FROM UserAccountRoleDetails WHERE UserID = @UserId AND (@SelectedBranchId IS NULL OR BranchID = @SelectedBranchId) UNION SELECT ID FROM BranchMaster WHERE EXISTS (SELECT 1 FROM UserAccountMaster WHERE ID = @UserId AND IsSuperUser = 1) AND (@SelectedBranchId IS NULL OR ID = @SelectedBranchId) AND (IsDeleted IS NULL OR IsDeleted = 0))) AND (pc.IsDeleted = 0 OR pc.IsDeleted IS NULL) GROUP BY pc.Grade ORDER BY pc.Grade"
364,exams,maths average this exam vs last exam improved or not,"BranchMaster,Branch_Academic_Details,ExamTypeMaster,ProgressCardDataRetrieval,UserAccountMaster,UserAccountRoleDetails","admin,exams,other:rbac",,0,,0,,,,,,"SELECT et.Name AS ExamType, CAST(AVG(pc.Marks) AS DECIMAL(5,2)) AS AvgMarks FROM ProgressCardDataRetrieval pc INNER JOIN ExamTypeMaster et ON pc.ExamTypeID = et.ID WHERE (pc.Others IS NULL OR pc.Others NOT IN ('NA', 'NT', 'OP')) AND pc.BranchID IN (SELECT BranchID FROM UserAccountRoleDetails WHERE UserID = @UserId AND (@SelectedBranchId IS NULL OR BranchID = @SelectedBranchId) UNION SELECT ID FROM BranchMaster WHERE EXISTS (SELECT 1 FROM UserAccountMaster WHERE ID = @UserId AND IsSuperUser = 1) AND (@SelectedBranchId IS NULL OR ID = @SelectedBranchId) AND (IsDeleted IS NULL OR IsDeleted = 0)) AND pc.AcademicYearID IN (SELECT Id FROM Branch_Academic_Details WHERE GETDATE() BETWEEN Start_Date AND End_Date AND Branch_Id IN (SELECT BranchID FROM UserAccountRoleDetails WHERE UserID = @UserId AND (@SelectedBranchId IS NULL OR BranchID = @SelectedBranchId) UNION SELECT ID FROM BranchMaster WHERE EXISTS (SELECT 1 FROM UserAccountMaster WHERE ID = @UserId AND IsSuperUser = 1) AND (@SelectedBranchId IS NULL OR ID = @SelectedBranchId) AND (IsDeleted IS NULL OR IsDeleted = 0))) AND pc.SubjectName = 'Maths' GROUP BY et.Name"
359,students/general,give me toppers list of every class,"BranchMaster,ClassMaster,StudentMarkDetails,StudentMarkMaster,Student_Master,UserAccountMaster,UserAccountRoleDetails","admin,exams,other:rbac,students",,0,,0,,,,,,"SELECT cm.Name AS ClassName, smd.StudentID, stm.AdmissionNo, ISNULL(stm.FirstName,'') + ' ' + ISNULL(stm.LastName,'') AS StudentName, SUM(smd.Marks) AS TotalMarks FROM StudentMarkDetails smd INNER JOIN StudentMarkMaster smm ON smd.HeaderID = smm.ID INNER JOIN ClassMaster cm ON smm.ClassID = cm.ID INNER JOIN Student_Master stm ON smd.StudentID = stm.ID WHERE smd.BranchID IN (SELECT BranchID FROM UserAccountRoleDetails WHERE UserID = @UserId AND (@SelectedBranchId IS NULL OR BranchID = @SelectedBranchId) UNION SELECT ID FROM BranchMaster WHERE EXISTS (SELECT 1 FROM UserAccountMaster WHERE ID = @UserId AND IsSuperUser = 1) AND (@SelectedBranchId IS NULL OR ID = @SelectedBranchId) AND (IsDeleted IS NULL OR IsDeleted = 0)) AND smd.Deleted = 0 AND (smd.Others IS NULL OR smd.Others NOT IN ('NA', 'NT', 'OP')) AND smm.Deleted = 0 AND cm.IsDeleted = 0 GROUP BY cm.Name, smd.StudentID, stm.AdmissionNo, stm.FirstName, stm.LastName ORDER BY cm.Name, TotalMarks DESC"
358,students/general,which subject has lowest average across school,"BranchMaster,Branch_Academic_Details,ProgressCardDataRetrieval,UserAccountMaster,UserAccountRoleDetails","admin,exams,other:rbac",,0,,0,,,,,,"SELECT TOP 1 pc.SubjectName AS SubjectName, CAST(AVG(pc.Marks) AS DECIMAL(5,2)) AS AvgMarks FROM ProgressCardDataRetrieval pc WHERE pc.BranchID IN (SELECT BranchID FROM UserAccountRoleDetails WHERE UserID = @UserId AND (@SelectedBranchId IS NULL OR BranchID = @SelectedBranchId) UNION SELECT ID FROM BranchMaster WHERE EXISTS (SELECT 1 FROM UserAccountMaster WHERE ID = @UserId AND IsSuperUser = 1) AND (@SelectedBranchId IS NULL OR ID = @SelectedBranchId) AND (IsDeleted IS NULL OR IsDeleted = 0)) AND pc.AcademicYearID IN (SELECT Id FROM Branch_Academic_Details WHERE GETDATE() BETWEEN Start_Date AND End_Date AND Branch_Id IN (SELECT BranchID FROM UserAccountRoleDetails WHERE UserID = @UserId AND (@SelectedBranchId IS NULL OR BranchID = @SelectedBranchId) UNION SELECT ID FROM BranchMaster WHERE EXISTS (SELECT 1 FROM UserAccountMaster WHERE ID = @UserId AND IsSuperUser = 1) AND (@SelectedBranchId IS NULL OR ID = @SelectedBranchId) AND (IsDeleted IS NULL OR IsDeleted = 0))) AND (pc.IsDeleted = 0 OR pc.IsDeleted IS NULL) AND (pc.Others IS NULL OR pc.Others NOT IN ('NA', 'NT', 'OP')) AND pc.SubjectTypeID = 1 GROUP BY pc.SubjectName ORDER BY AvgMarks ASC"
357,students/general,who are the bottom 10 students overall,"BranchMaster,StudentMarkDetails,StudentMarkMaster,Student_Master,UserAccountMaster,UserAccountRoleDetails","admin,exams,other:rbac,students",,0,,0,,,,,,"SELECT TOP 10 smd.StudentID, stm.AdmissionNo, ISNULL(stm.FirstName,'') + ' ' + ISNULL(stm.LastName,'') AS StudentName, SUM(smd.Marks) AS TotalMarks FROM StudentMarkDetails smd INNER JOIN StudentMarkMaster smm ON smd.HeaderID = smm.ID INNER JOIN Student_Master stm ON smd.StudentID = stm.ID WHERE smd.BranchID IN (SELECT BranchID FROM UserAccountRoleDetails WHERE UserID = @UserId AND (@SelectedBranchId IS NULL OR BranchID = @SelectedBranchId) UNION SELECT ID FROM BranchMaster WHERE EXISTS (SELECT 1 FROM UserAccountMaster WHERE ID = @UserId AND IsSuperUser = 1) AND (@SelectedBranchId IS NULL OR ID = @SelectedBranchId) AND (IsDeleted IS NULL OR IsDeleted = 0)) AND smd.Deleted = 0 AND (smd.Others IS NULL OR smd.Others NOT IN ('NA', 'NT', 'OP')) AND smm.Deleted = 0 GROUP BY smd.StudentID, stm.AdmissionNo, stm.FirstName, stm.LastName ORDER BY TotalMarks ASC"
356,exams,show me the class wise pass percentage last exam,"BranchMaster,ClassMaster,ExamConfigurationEvaluationDetails,StudentMarkDetails,StudentMarkMaster,UserAccountMaster,UserAccountRoleDetails","admin,exams,hr,other:rbac,students",,0,,0,,,,,,"SELECT c.Name AS ClassName, CAST(SUM(CASE WHEN smd.Marks >= eced.MinMark AND (smd.Others IS NULL OR smd.Others <> 'AB') THEN 1 ELSE 0 END) * 100.0 / COUNT(*) AS DECIMAL(5,2)) AS PassPercentage FROM StudentMarkDetails smd INNER JOIN ExamConfigurationEvaluationDetails eced ON smd.EvalHierID = eced.ID INNER JOIN StudentMarkMaster smm ON smd.HeaderID = smm.ID INNER JOIN ClassMaster c ON smm.ClassID = c.ID WHERE smd.BranchID IN (SELECT BranchID FROM UserAccountRoleDetails WHERE UserID = @UserId AND (@SelectedBranchId IS NULL OR BranchID = @SelectedBranchId) UNION SELECT ID FROM BranchMaster WHERE EXISTS (SELECT 1 FROM UserAccountMaster WHERE ID = @UserId AND IsSuperUser = 1) AND (@SelectedBranchId IS NULL OR ID = @SelectedBranchId) AND (IsDeleted IS NULL OR IsDeleted = 0)) AND smd.Deleted = 0 AND smm.Deleted = 0 GROUP BY c.Name ORDER BY PassPercentage DESC"
354,exams,average marks of class 9 in maths?,"BranchMaster,Branch_Academic_Details,ClassMaster,ProgressCardDataRetrieval,UserAccountMaster,UserAccountRoleDetails","admin,exams,other:rbac,students",,0,,0,,,,,,"SELECT CAST(AVG(pc.Marks) AS DECIMAL(5,2)) AS AvgMarks FROM ProgressCardDataRetrieval pc INNER JOIN ClassMaster cm ON pc.ClassID = cm.ID WHERE cm.Name IN ('Class 9', 'IX') AND pc.SubjectName = 'Maths' AND pc.BranchID IN (SELECT BranchID FROM UserAccountRoleDetails WHERE UserID = @UserId AND (@SelectedBranchId IS NULL OR BranchID = @SelectedBranchId) UNION SELECT ID FROM BranchMaster WHERE EXISTS (SELECT 1 FROM UserAccountMaster WHERE ID = @UserId AND IsSuperUser = 1) AND (@SelectedBranchId IS NULL OR ID = @SelectedBranchId) AND (IsDeleted IS NULL OR IsDeleted = 0)) AND pc.AcademicYearID IN (SELECT Id FROM Branch_Academic_Details WHERE GETDATE() BETWEEN Start_Date AND End_Date AND Branch_Id IN (SELECT BranchID FROM UserAccountRoleDetails WHERE UserID = @UserId AND (@SelectedBranchId IS NULL OR BranchID = @SelectedBranchId) UNION SELECT ID FROM BranchMaster WHERE EXISTS (SELECT 1 FROM UserAccountMaster WHERE ID = @UserId AND IsSuperUser = 1) AND (@SelectedBranchId IS NULL OR ID = @SelectedBranchId) AND (IsDeleted IS NULL OR IsDeleted = 0))) AND (pc.Others IS NULL OR pc.Others NOT IN ('NA', 'NT', 'OP'))"
353,exams,which student topped in class 10 last exam?,"BranchMaster,Branch_Academic_Details,ClassMaster,ProgressCardDataRetrieval,SectionMaster,UserAccountMaster,UserAccountRoleDetails","admin,exams,other:rbac,students",,0,,0,,,,,,"SELECT TOP 1 pc.StudentName AS StudentName, pc.Marks, pc.MaxMarks, pc.AdmissionNo, cm.Name AS ClassName, secm.Name AS SectionName FROM ProgressCardDataRetrieval pc INNER JOIN ClassMaster cm ON pc.ClassID = cm.ID JOIN SectionMaster secm ON pc.SectionID = secm.ID WHERE pc.BranchID IN (SELECT BranchID FROM UserAccountRoleDetails WHERE UserID = @UserId AND (@SelectedBranchId IS NULL OR BranchID = @SelectedBranchId) UNION SELECT ID FROM BranchMaster WHERE EXISTS (SELECT 1 FROM UserAccountMaster WHERE ID = @UserId AND IsSuperUser = 1) AND (@SelectedBranchId IS NULL OR ID = @SelectedBranchId) AND (IsDeleted IS NULL OR IsDeleted = 0)) AND pc.AcademicYearID IN (SELECT Id FROM Branch_Academic_Details WHERE GETDATE() BETWEEN Start_Date AND End_Date AND Branch_Id IN (SELECT BranchID FROM UserAccountRoleDetails WHERE UserID = @UserId AND (@SelectedBranchId IS NULL OR BranchID = @SelectedBranchId) UNION SELECT ID FROM BranchMaster WHERE EXISTS (SELECT 1 FROM UserAccountMaster WHERE ID = @UserId AND IsSuperUser = 1) AND (@SelectedBranchId IS NULL OR ID = @SelectedBranchId) AND (IsDeleted IS NULL OR IsDeleted = 0))) AND (pc.IsDeleted = 0 OR pc.IsDeleted IS NULL) AND cm.Name IN ('Class 10', 'X') ORDER BY pc.Marks DESC"
352,students/general,total amount collected through the school app this year,"BranchMaster,Branch_Academic_Details,CollectionMode_Master,FeesCollection,UserAccountMaster,UserAccountRoleDetails","admin,fees,other:rbac",,0,,0,,,,,,"SELECT ISNULL(SUM(fc.Receipt_Amt), 0) AS AppCollection FROM FeesCollection fc WHERE (fc.IsDeleted IS NULL OR fc.IsDeleted = 0) AND fc.ChequeStatus_ID NOT IN (3, 4) AND fc.BranchID IN (SELECT BranchID FROM UserAccountRoleDetails WHERE UserID = @UserId AND (@SelectedBranchId IS NULL OR BranchID = @SelectedBranchId) UNION SELECT ID FROM BranchMaster WHERE EXISTS (SELECT 1 FROM UserAccountMaster WHERE ID = @UserId AND IsSuperUser = 1) AND (@SelectedBranchId IS NULL OR ID = @SelectedBranchId) AND (IsDeleted IS NULL OR IsDeleted = 0)) AND fc.AcademicYearID IN (SELECT Id FROM Branch_Academic_Details WHERE GETDATE() BETWEEN Start_Date AND End_Date AND Branch_Id IN (SELECT BranchID FROM UserAccountRoleDetails WHERE UserID = @UserId AND (@SelectedBranchId IS NULL OR BranchID = @SelectedBranchId) UNION SELECT ID FROM BranchMaster WHERE EXISTS (SELECT 1 FROM UserAccountMaster WHERE ID = @UserId AND IsSuperUser = 1) AND (@SelectedBranchId IS NULL OR ID = @SelectedBranchId) AND (IsDeleted IS NULL OR IsDeleted = 0))) AND fc.Collection_Mode_ID IN (SELECT ID FROM CollectionMode_Master WHERE Name = 'School App')"
351,fees,show pending fees only for classes 1 to 5,"BranchMaster,Branch_Academic_Details,FeesInformationStudentDetail,UserAccountMaster,UserAccountRoleDetails","admin,fees,other:rbac",,0,,0,,,,,,"SELECT ClassName, SUM(Amount - ISNULL(Concession_Amt, 0) - ISNULL(Paid_Amt, 0) - ISNULL(Lien_Amount, 0)) AS Outstanding FROM FeesInformationStudentDetail WHERE IsIncludedInLumpSum <> 1 AND IsDonation = 0 AND ClassName IN ('Class 1', 'Class 2', 'Class 3', 'Class 4', 'Class 5') AND AcademicYearID IN (SELECT Id FROM Branch_Academic_Details WHERE GETDATE() BETWEEN Start_Date AND End_Date AND Branch_Id IN (SELECT BranchID FROM UserAccountRoleDetails WHERE UserID = @UserId AND (@SelectedBranchId IS NULL OR BranchID = @SelectedBranchId) UNION SELECT ID FROM BranchMaster WHERE EXISTS (SELECT 1 FROM UserAccountMaster WHERE ID = @UserId AND IsSuperUser = 1) AND (@SelectedBranchId IS NULL OR ID = @SelectedBranchId) AND (IsDeleted IS NULL OR IsDeleted = 0))) AND BranchID IN (SELECT BranchID FROM UserAccountRoleDetails WHERE UserID = @UserId AND (@SelectedBranchId IS NULL OR BranchID = @SelectedBranchId) UNION SELECT ID FROM BranchMaster WHERE EXISTS (SELECT 1 FROM UserAccountMaster WHERE ID = @UserId AND IsSuperUser = 1) AND (@SelectedBranchId IS NULL OR ID = @SelectedBranchId) AND (IsDeleted IS NULL OR IsDeleted = 0)) GROUP BY ClassName ORDER BY Outstanding DESC"
349,fees,collection efficiency percentage class wise please,"BranchMaster,Branch_Academic_Details,ClassMaster,FeesCollection,FeesCollection_Details,UserAccountMaster,UserAccountRoleDetails","admin,fees,other:rbac,students",,0,,0,,,,,,"SELECT cm.Name AS ClassName, ROUND(SUM(fc.Receipt_Amt) * 100.0 / NULLIF(SUM(fcd.Payable_Amt), 0), 2) AS CollectionEfficiency FROM FeesCollection_Details fcd INNER JOIN FeesCollection fc ON fcd.Fees_Collection_ID = fc.Id INNER JOIN ClassMaster cm ON fc.Class_ID = cm.ID WHERE (fc.IsDeleted IS NULL OR fc.IsDeleted = 0) AND fc.ChequeStatus_ID NOT IN (3, 4) AND fc.AcademicYearID IN (SELECT Id FROM Branch_Academic_Details WHERE GETDATE() BETWEEN Start_Date AND End_Date AND Branch_Id IN (SELECT BranchID FROM UserAccountRoleDetails WHERE UserID = @UserId AND (@SelectedBranchId IS NULL OR BranchID = @SelectedBranchId) UNION SELECT ID FROM BranchMaster WHERE EXISTS (SELECT 1 FROM UserAccountMaster WHERE ID = @UserId AND IsSuperUser = 1) AND (@SelectedBranchId IS NULL OR ID = @SelectedBranchId) AND (IsDeleted IS NULL OR IsDeleted = 0))) AND fc.BranchID IN (SELECT BranchID FROM UserAccountRoleDetails WHERE UserID = @UserId AND (@SelectedBranchId IS NULL OR BranchID = @SelectedBranchId) UNION SELECT ID FROM BranchMaster WHERE EXISTS (SELECT 1 FROM UserAccountMaster WHERE ID = @UserId AND IsSuperUser = 1) AND (@SelectedBranchId IS NULL OR ID = @SelectedBranchId) AND (IsDeleted IS NULL OR IsDeleted = 0)) GROUP BY cm.Name ORDER BY CollectionEfficiency DESC"
348,students/general,whos the parent i should personally call for big pending amount,"BranchMaster,Branch_Academic_Details,FeesCollection,FeesCollection_Details,Student_Master,UserAccountMaster,UserAccountRoleDetails","admin,fees,other:rbac,students",,0,,0,,,,,,"SELECT TOP 1 sm.FirstName + ' ' + sm.LastName AS StudentName, SUM(fcd.Remaining_Amt) AS TotalPending FROM FeesCollection_Details fcd JOIN FeesCollection fc ON fcd.Fees_Collection_ID = fc.Id JOIN Student_Master sm ON fc.Student_ID = sm.ID WHERE (fc.IsDeleted IS NULL OR fc.IsDeleted = 0) AND fc.ChequeStatus_ID NOT IN (3, 4) AND fc.BranchID IN (SELECT BranchID FROM UserAccountRoleDetails WHERE UserID = @UserId AND (@SelectedBranchId IS NULL OR BranchID = @SelectedBranchId) UNION SELECT ID FROM BranchMaster WHERE EXISTS (SELECT 1 FROM UserAccountMaster WHERE ID = @UserId AND IsSuperUser = 1) AND (@SelectedBranchId IS NULL OR ID = @SelectedBranchId) AND (IsDeleted IS NULL OR IsDeleted = 0)) AND fc.AcademicYearID IN (SELECT Id FROM Branch_Academic_Details WHERE GETDATE() BETWEEN Start_Date AND End_Date AND Branch_Id IN (SELECT BranchID FROM UserAccountRoleDetails WHERE UserID = @UserId AND (@SelectedBranchId IS NULL OR BranchID = @SelectedBranchId) UNION SELECT ID FROM BranchMaster WHERE EXISTS (SELECT 1 FROM UserAccountMaster WHERE ID = @UserId AND IsSuperUser = 1) AND (@SelectedBranchId IS NULL OR ID = @SelectedBranchId) AND (IsDeleted IS NULL OR IsDeleted = 0))) GROUP BY sm.FirstName, sm.LastName ORDER BY SUM(fcd.Remaining_Amt) DESC"
345,attendance,give me the students who always pay late every term,"BranchMaster,Branch_Academic_Details,FeesCollection,FeesCollection_Details,Student_Master,UserAccountMaster,UserAccountRoleDetails","admin,fees,other:rbac,students","Q[attendance] vs SQL[fees,students]",0,,0,,,,,,"SELECT TOP 10 sm.FirstName + ' ' + sm.LastName AS StudentName, COUNT(*) AS LateTermCount FROM FeesCollection_Details fcd INNER JOIN FeesCollection fc ON fcd.Fees_Collection_ID = fc.Id INNER JOIN Student_Master sm ON fc.Student_ID = sm.ID WHERE (fc.IsDeleted IS NULL OR fc.IsDeleted = 0) AND fc.ChequeStatus_ID NOT IN (3, 4) AND fcd.Paid_Amt < fcd.Remaining_Amt AND fc.BranchID IN (SELECT BranchID FROM UserAccountRoleDetails WHERE UserID = @UserId AND (@SelectedBranchId IS NULL OR BranchID = @SelectedBranchId) UNION SELECT ID FROM BranchMaster WHERE EXISTS (SELECT 1 FROM UserAccountMaster WHERE ID = @UserId AND IsSuperUser = 1) AND (@SelectedBranchId IS NULL OR ID = @SelectedBranchId) AND (IsDeleted IS NULL OR IsDeleted = 0)) AND fcd.AcademicYearID IN (SELECT Id FROM Branch_Academic_Details WHERE GETDATE() BETWEEN Start_Date AND End_Date AND Branch_Id IN (SELECT BranchID FROM UserAccountRoleDetails WHERE UserID = @UserId AND (@SelectedBranchId IS NULL OR BranchID = @SelectedBranchId) UNION SELECT ID FROM BranchMaster WHERE EXISTS (SELECT 1 FROM UserAccountMaster WHERE ID = @UserId AND IsSuperUser = 1) AND (@SelectedBranchId IS NULL OR ID = @SelectedBranchId) AND (IsDeleted IS NULL OR IsDeleted = 0))) GROUP BY sm.FirstName, sm.LastName ORDER BY LateTermCount DESC"
344,students/general,which counter collected most cash today,"BranchMaster,CollectionMode_Master,FeesCollection,UserAccountMaster,UserAccountRoleDetails","admin,fees,other:rbac",,0,,0,,,,,,"SELECT TOP 1 fc.Collected_By_Name, COUNT(*) AS ReceiptCount, SUM(fc.Receipt_Amt) AS TotalAmount FROM FeesCollection fc WHERE CAST(fc.Bill_Date AS DATE) = CAST(GETDATE() AS DATE) AND (fc.IsDeleted IS NULL OR fc.IsDeleted = 0) AND fc.ChequeStatus_ID NOT IN (3, 4) AND fc.Collection_Mode_ID IN (SELECT ID FROM CollectionMode_Master WHERE Name = 'Cash') AND fc.BranchID IN (SELECT BranchID FROM UserAccountRoleDetails WHERE UserID = @UserId AND (@SelectedBranchId IS NULL OR BranchID = @SelectedBranchId) UNION SELECT ID FROM BranchMaster WHERE EXISTS (SELECT 1 FROM UserAccountMaster WHERE ID = @UserId AND IsSuperUser = 1) AND (@SelectedBranchId IS NULL OR ID = @SelectedBranchId) AND (IsDeleted IS NULL OR IsDeleted = 0)) GROUP BY fc.Collected_By_Name ORDER BY TotalAmount DESC"
343,fees,total fees pending for the entire school one number,"BranchMaster,Branch_Academic_Details,FeesInformationStudentDetail,UserAccountMaster,UserAccountRoleDetails","admin,fees,other:rbac",,0,,0,,,,,,"SELECT SUM((f.Amount - ISNULL(f.Concession_Amt, 0) - ISNULL(f.Paid_Amt, 0) - ISNULL(f.Lien_Amount, 0))) AS TotalPending FROM FeesInformationStudentDetail f WHERE f.IsIncludedInLumpSum <> 1 AND f.IsDonation = 0 AND f.BranchID IN (SELECT BranchID FROM UserAccountRoleDetails WHERE UserID = @UserId AND (@SelectedBranchId IS NULL OR BranchID = @SelectedBranchId) UNION SELECT ID FROM BranchMaster WHERE EXISTS (SELECT 1 FROM UserAccountMaster WHERE ID = @UserId AND IsSuperUser = 1) AND (@SelectedBranchId IS NULL OR ID = @SelectedBranchId) AND (IsDeleted IS NULL OR IsDeleted = 0)) AND f.AcademicYearID IN (SELECT Id FROM Branch_Academic_Details WHERE GETDATE() BETWEEN Start_Date AND End_Date AND Branch_Id IN (SELECT BranchID FROM UserAccountRoleDetails WHERE UserID = @UserId AND (@SelectedBranchId IS NULL OR BranchID = @SelectedBranchId) UNION SELECT ID FROM BranchMaster WHERE EXISTS (SELECT 1 FROM UserAccountMaster WHERE ID = @UserId AND IsSuperUser = 1) AND (@SelectedBranchId IS NULL OR ID = @SelectedBranchId) AND (IsDeleted IS NULL OR IsDeleted = 0)))"
340,students/general,any negative balance in any student account?,"BranchMaster,Branch_Academic_Details,FeesInformationStudentDetail,Student_Master,UserAccountMaster,UserAccountRoleDetails","admin,fees,other:rbac,students",,0,,0,,,,,,"SELECT sm.FirstName + ' ' + sm.LastName AS StudentName, SUM(f.Amount - ISNULL(f.Concession_Amt, 0) - ISNULL(f.Paid_Amt, 0) - ISNULL(f.Lien_Amount, 0)) AS Outstanding FROM FeesInformationStudentDetail f INNER JOIN Student_Master sm ON f.Student_ID = sm.ID WHERE f.IsIncludedInLumpSum <> 1 AND f.IsDonation = 0 AND f.BranchID IN (SELECT BranchID FROM UserAccountRoleDetails WHERE UserID = @UserId AND (@SelectedBranchId IS NULL OR BranchID = @SelectedBranchId) UNION SELECT ID FROM BranchMaster WHERE EXISTS (SELECT 1 FROM UserAccountMaster WHERE ID = @UserId AND IsSuperUser = 1) AND (@SelectedBranchId IS NULL OR ID = @SelectedBranchId) AND (IsDeleted IS NULL OR IsDeleted = 0)) AND f.AcademicYearID IN (SELECT Id FROM Branch_Academic_Details WHERE GETDATE() BETWEEN Start_Date AND End_Date AND Branch_Id IN (SELECT BranchID FROM UserAccountRoleDetails WHERE UserID = @UserId AND (@SelectedBranchId IS NULL OR BranchID = @SelectedBranchId) UNION SELECT ID FROM BranchMaster WHERE EXISTS (SELECT 1 FROM UserAccountMaster WHERE ID = @UserId AND IsSuperUser = 1) AND (@SelectedBranchId IS NULL OR ID = @SelectedBranchId) AND (IsDeleted IS NULL OR IsDeleted = 0))) GROUP BY sm.FirstName, sm.LastName HAVING SUM(f.Amount - ISNULL(f.Concession_Amt, 0) - ISNULL(f.Paid_Amt, 0) - ISNULL(f.Lien_Amount, 0)) < 0"
339,fees,whats the daily average collection this month,"BranchMaster,FeesCollection,UserAccountMaster,UserAccountRoleDetails","admin,fees,other:rbac",,0,,0,,,,,,"SELECT AVG(DailyTotal) AS AvgDailyCollection FROM (SELECT CAST(fc.Bill_Date AS DATE) AS BillDay, SUM(fc.Receipt_Amt) AS DailyTotal FROM FeesCollection fc WHERE MONTH(fc.Bill_Date) = MONTH(GETDATE()) AND YEAR(fc.Bill_Date) = YEAR(GETDATE()) AND (fc.IsDeleted IS NULL OR fc.IsDeleted = 0) AND fc.ChequeStatus_ID NOT IN (3, 4) AND fc.BranchID IN (SELECT BranchID FROM UserAccountRoleDetails WHERE UserID = @UserId AND (@SelectedBranchId IS NULL OR BranchID = @SelectedBranchId) UNION SELECT ID FROM BranchMaster WHERE EXISTS (SELECT 1 FROM UserAccountMaster WHERE ID = @UserId AND IsSuperUser = 1) AND (@SelectedBranchId IS NULL OR ID = @SelectedBranchId) AND (IsDeleted IS NULL OR IsDeleted = 0)) GROUP BY CAST(fc.Bill_Date AS DATE)) AS Daily"
338,fees,fee pending for newly admitted mid term students,"BranchMaster,Branch_Academic_Details,FeesInformationStudentDetail,StudentAcademicDetail,UserAccountMaster,UserAccountRoleDetails","admin,fees,other:rbac,students",,0,,0,,,,,,"SELECT SUM(f.Amount - ISNULL(f.Concession_Amt, 0) - ISNULL(f.Paid_Amt, 0) - ISNULL(f.Lien_Amount, 0)) AS PendingAmount FROM FeesInformationStudentDetail f INNER JOIN StudentAcademicDetail sad ON f.Student_ID = sad.StudentID AND f.ClassID = sad.ClassID WHERE f.IsIncludedInLumpSum <> 1 AND f.IsDonation = 0 AND f.BranchID IN (SELECT BranchID FROM UserAccountRoleDetails WHERE UserID = @UserId AND (@SelectedBranchId IS NULL OR BranchID = @SelectedBranchId) UNION SELECT ID FROM BranchMaster WHERE EXISTS (SELECT 1 FROM UserAccountMaster WHERE ID = @UserId AND IsSuperUser = 1) AND (@SelectedBranchId IS NULL OR ID = @SelectedBranchId) AND (IsDeleted IS NULL OR IsDeleted = 0)) AND f.AcademicYearID IN (SELECT Id FROM Branch_Academic_Details WHERE GETDATE() BETWEEN Start_Date AND End_Date AND Branch_Id IN (SELECT BranchID FROM UserAccountRoleDetails WHERE UserID = @UserId AND (@SelectedBranchId IS NULL OR BranchID = @SelectedBranchId) UNION SELECT ID FROM BranchMaster WHERE EXISTS (SELECT 1 FROM UserAccountMaster WHERE ID = @UserId AND IsSuperUser = 1) AND (@SelectedBranchId IS NULL OR ID = @SelectedBranchId) AND (IsDeleted IS NULL OR IsDeleted = 0))) AND sad.IsNewAdmission = 1 AND f.Term_Name IN ('Mid Term 1', 'Mid Term 2') AND sad.IsActive = 1 AND (sad.IsTCIssued = 0 OR sad.IsTCIssued IS NULL)"
337,students/general,list all payments above 1 lakh this year,"BranchMaster,Branch_Academic_Details,ClassMaster,FeesCollection,SectionMaster,Student_Master,UserAccountMaster,UserAccountRoleDetails","admin,fees,other:rbac,students",,0,,0,,,,,,"SELECT fc.Bill_No, ISNULL(sm.FirstName, '') + ' ' + ISNULL(sm.MiddleName, '') + ' ' + ISNULL(sm.LastName, '') AS StudentName, fc.Receipt_Amt, sm.AdmissionNo, cm.Name AS ClassName, secm.Name AS SectionName FROM FeesCollection fc INNER JOIN Student_Master sm ON fc.Student_ID = sm.ID JOIN ClassMaster cm ON fc.Class_ID = cm.ID JOIN SectionMaster secm ON fc.Section_ID = secm.ID WHERE (fc.IsDeleted IS NULL OR fc.IsDeleted = 0) AND fc.ChequeStatus_ID NOT IN (3, 4) AND fc.BranchID IN (SELECT BranchID FROM UserAccountRoleDetails WHERE UserID = @UserId AND (@SelectedBranchId IS NULL OR BranchID = @SelectedBranchId) UNION SELECT ID FROM BranchMaster WHERE EXISTS (SELECT 1 FROM UserAccountMaster WHERE ID = @UserId AND IsSuperUser = 1) AND (@SelectedBranchId IS NULL OR ID = @SelectedBranchId) AND (IsDeleted IS NULL OR IsDeleted = 0)) AND fc.AcademicYearID IN (SELECT Id FROM Branch_Academic_Details WHERE GETDATE() BETWEEN Start_Date AND End_Date AND Branch_Id IN (SELECT BranchID FROM UserAccountRoleDetails WHERE UserID = @UserId AND (@SelectedBranchId IS NULL OR BranchID = @SelectedBranchId) UNION SELECT ID FROM BranchMaster WHERE EXISTS (SELECT 1 FROM UserAccountMaster WHERE ID = @UserId AND IsSuperUser = 1) AND (@SelectedBranchId IS NULL OR ID = @SelectedBranchId) AND (IsDeleted IS NULL OR IsDeleted = 0))) AND fc.Receipt_Amt > 100000 ORDER BY fc.Receipt_Amt DESC"
336,fees,how much we lost due to concessions and waivers together,"BranchMaster,Branch_Academic_Details,FeesInformationStudentDetail,UserAccountMaster,UserAccountRoleDetails","admin,fees,other:rbac",,0,,0,,,,,,"SELECT SUM(ISNULL(Concession_Amt, 0)) AS TotalConcession FROM FeesInformationStudentDetail WHERE IsIncludedInLumpSum <> 1 AND IsDonation = 0 AND AcademicYearID IN (SELECT Id FROM Branch_Academic_Details WHERE GETDATE() BETWEEN Start_Date AND End_Date AND Branch_Id IN (SELECT BranchID FROM UserAccountRoleDetails WHERE UserID = @UserId AND (@SelectedBranchId IS NULL OR BranchID = @SelectedBranchId) UNION SELECT ID FROM BranchMaster WHERE EXISTS (SELECT 1 FROM UserAccountMaster WHERE ID = @UserId AND IsSuperUser = 1) AND (@SelectedBranchId IS NULL OR ID = @SelectedBranchId) AND (IsDeleted IS NULL OR IsDeleted = 0))) AND BranchID IN (SELECT BranchID FROM UserAccountRoleDetails WHERE UserID = @UserId AND (@SelectedBranchId IS NULL OR BranchID = @SelectedBranchId) UNION SELECT ID FROM BranchMaster WHERE EXISTS (SELECT 1 FROM UserAccountMaster WHERE ID = @UserId AND IsSuperUser = 1) AND (@SelectedBranchId IS NULL OR ID = @SelectedBranchId) AND (IsDeleted IS NULL OR IsDeleted = 0))"
335,fees,students whose parents requested for fee extension,"BranchMaster,Branch_Academic_Details,ClassMaster,SectionMaster,StudentAcademicDetail,Student_Master,UserAccountMaster,UserAccountRoleDetails","admin,other:rbac,students",Q[fees] vs SQL[students],0,,0,,,,,,"SELECT sm.AdmissionNo, ISNULL(sm.FirstName, '') + ' ' + ISNULL(sm.MiddleName, '') + ' ' + ISNULL(sm.LastName, '') AS StudentName, cm.Name AS ClassName, secm.Name AS SectionName FROM StudentAcademicDetail sad INNER JOIN Student_Master sm ON sad.StudentID = sm.ID INNER JOIN ClassMaster cm ON sad.ClassID = cm.ID JOIN SectionMaster secm ON sad.SectionID = secm.ID WHERE sm.BranchID IN (SELECT BranchID FROM UserAccountRoleDetails WHERE UserID = @UserId AND (@SelectedBranchId IS NULL OR BranchID = @SelectedBranchId) UNION SELECT ID FROM BranchMaster WHERE EXISTS (SELECT 1 FROM UserAccountMaster WHERE ID = @UserId AND IsSuperUser = 1) AND (@SelectedBranchId IS NULL OR ID = @SelectedBranchId) AND (IsDeleted IS NULL OR IsDeleted = 0)) AND sad.AcademicYearID IN (SELECT Id FROM Branch_Academic_Details WHERE GETDATE() BETWEEN Start_Date AND End_Date AND Branch_Id IN (SELECT BranchID FROM UserAccountRoleDetails WHERE UserID = @UserId AND (@SelectedBranchId IS NULL OR BranchID = @SelectedBranchId) UNION SELECT ID FROM BranchMaster WHERE EXISTS (SELECT 1 FROM UserAccountMaster WHERE ID = @UserId AND IsSuperUser = 1) AND (@SelectedBranchId IS NULL OR ID = @SelectedBranchId) AND (IsDeleted IS NULL OR IsDeleted = 0))) AND sad.IsActive = 1 AND (sad.IsTCIssued = 0 OR sad.IsTCIssued IS NULL) AND sm.FatherName LIKE '%EXT%'"
334,fees,give me fee collection summary for board exam classes only,"BranchMaster,Branch_Academic_Details,ClassMaster,FeesCollection,UserAccountMaster,UserAccountRoleDetails","admin,fees,other:rbac,students",,0,,0,,,,,,"SELECT SUM(fc.Receipt_Amt) AS BoardExamCollection FROM FeesCollection fc JOIN ClassMaster cm ON fc.Class_ID = cm.ID WHERE (fc.IsDeleted IS NULL OR fc.IsDeleted = 0) AND fc.ChequeStatus_ID NOT IN (3, 4) AND fc.AcademicYearID IN (SELECT Id FROM Branch_Academic_Details WHERE GETDATE() BETWEEN Start_Date AND End_Date AND Branch_Id IN (SELECT BranchID FROM UserAccountRoleDetails WHERE UserID = @UserId AND (@SelectedBranchId IS NULL OR BranchID = @SelectedBranchId) UNION SELECT ID FROM BranchMaster WHERE EXISTS (SELECT 1 FROM UserAccountMaster WHERE ID = @UserId AND IsSuperUser = 1) AND (@SelectedBranchId IS NULL OR ID = @SelectedBranchId) AND (IsDeleted IS NULL OR IsDeleted = 0))) AND cm.Name IN ('XI', 'Class 12') AND fc.BranchID IN (SELECT BranchID FROM UserAccountRoleDetails WHERE UserID = @UserId AND (@SelectedBranchId IS NULL OR BranchID = @SelectedBranchId) UNION SELECT ID FROM BranchMaster WHERE EXISTS (SELECT 1 FROM UserAccountMaster WHERE ID = @UserId AND IsSuperUser = 1) AND (@SelectedBranchId IS NULL OR ID = @SelectedBranchId) AND (IsDeleted IS NULL OR IsDeleted = 0))"
332,fees,how many fee receipts cancelled and why,"BranchMaster,Branch_Academic_Details,FeesCollection,UserAccountMaster,UserAccountRoleDetails","admin,fees,other:rbac",,0,,0,,,,,,"SELECT COUNT(*) AS CancelledReceipts, SUM(fc.Receipt_Amt) AS TotalCancelledAmount FROM FeesCollection fc WHERE fc.BranchID IN (SELECT BranchID FROM UserAccountRoleDetails WHERE UserID = @UserId AND (@SelectedBranchId IS NULL OR BranchID = @SelectedBranchId) UNION SELECT ID FROM BranchMaster WHERE EXISTS (SELECT 1 FROM UserAccountMaster WHERE ID = @UserId AND IsSuperUser = 1) AND (@SelectedBranchId IS NULL OR ID = @SelectedBranchId) AND (IsDeleted IS NULL OR IsDeleted = 0)) AND fc.AcademicYearID IN (SELECT Id FROM Branch_Academic_Details WHERE GETDATE() BETWEEN Start_Date AND End_Date AND Branch_Id IN (SELECT BranchID FROM UserAccountRoleDetails WHERE UserID = @UserId AND (@SelectedBranchId IS NULL OR BranchID = @SelectedBranchId) UNION SELECT ID FROM BranchMaster WHERE EXISTS (SELECT 1 FROM UserAccountMaster WHERE ID = @UserId AND IsSuperUser = 1) AND (@SelectedBranchId IS NULL OR ID = @SelectedBranchId) AND (IsDeleted IS NULL OR IsDeleted = 0))) AND fc.IsDeleted = 1"
330,students/general,pending amount for class LKG UKG nursery,"BranchMaster,Branch_Academic_Details,FeesInformationStudentDetail,StudentAcademicDetail,UserAccountMaster,UserAccountRoleDetails","admin,fees,other:rbac,students",,0,,0,,,,,,"SELECT SUM(f.Amount - ISNULL(f.Concession_Amt, 0) - ISNULL(f.Paid_Amt, 0) - ISNULL(f.Lien_Amount, 0)) AS PendingAmount FROM FeesInformationStudentDetail f INNER JOIN StudentAcademicDetail sa ON f.Student_ID = sa.StudentID AND f.ClassID = sa.ClassID WHERE f.IsIncludedInLumpSum <> 1 AND f.IsDonation = 0 AND f.BranchID IN (SELECT BranchID FROM UserAccountRoleDetails WHERE UserID = @UserId AND (@SelectedBranchId IS NULL OR BranchID = @SelectedBranchId) UNION SELECT ID FROM BranchMaster WHERE EXISTS (SELECT 1 FROM UserAccountMaster WHERE ID = @UserId AND IsSuperUser = 1) AND (@SelectedBranchId IS NULL OR ID = @SelectedBranchId) AND (IsDeleted IS NULL OR IsDeleted = 0)) AND f.AcademicYearID IN (SELECT Id FROM Branch_Academic_Details WHERE GETDATE() BETWEEN Start_Date AND End_Date AND Branch_Id IN (SELECT BranchID FROM UserAccountRoleDetails WHERE UserID = @UserId AND (@SelectedBranchId IS NULL OR BranchID = @SelectedBranchId) UNION SELECT ID FROM BranchMaster WHERE EXISTS (SELECT 1 FROM UserAccountMaster WHERE ID = @UserId AND IsSuperUser = 1) AND (@SelectedBranchId IS NULL OR ID = @SelectedBranchId) AND (IsDeleted IS NULL OR IsDeleted = 0))) AND f.ClassName IN ('LKG', 'UKG', 'Nursery') AND sa.IsActive = 1 AND (sa.IsTCIssued = 0 OR sa.IsTCIssued IS NULL)"
329,fees,which student paid highest total fees this year,"BranchMaster,Branch_Academic_Details,FeesCollection,Student_Master,UserAccountMaster,UserAccountRoleDetails","admin,fees,other:rbac,students",,0,,0,,,,,,"SELECT TOP 1 sm.FirstName + ' ' + sm.LastName AS StudentName, SUM(fc.Receipt_Amt) AS TotalPaid FROM FeesCollection fc JOIN Student_Master sm ON fc.Student_ID = sm.ID WHERE fc.AcademicYearID IN (SELECT Id FROM Branch_Academic_Details WHERE GETDATE() BETWEEN Start_Date AND End_Date AND Branch_Id IN (SELECT BranchID FROM UserAccountRoleDetails WHERE UserID = @UserId AND (@SelectedBranchId IS NULL OR BranchID = @SelectedBranchId) UNION SELECT ID FROM BranchMaster WHERE EXISTS (SELECT 1 FROM UserAccountMaster WHERE ID = @UserId AND IsSuperUser = 1) AND (@SelectedBranchId IS NULL OR ID = @SelectedBranchId) AND (IsDeleted IS NULL OR IsDeleted = 0))) AND (fc.IsDeleted IS NULL OR fc.IsDeleted = 0) AND fc.ChequeStatus_ID NOT IN (3, 4) AND fc.BranchID IN (SELECT BranchID FROM UserAccountRoleDetails WHERE UserID = @UserId AND (@SelectedBranchId IS NULL OR BranchID = @SelectedBranchId) UNION SELECT ID FROM BranchMaster WHERE EXISTS (SELECT 1 FROM UserAccountMaster WHERE ID = @UserId AND IsSuperUser = 1) AND (@SelectedBranchId IS NULL OR ID = @SelectedBranchId) AND (IsDeleted IS NULL OR IsDeleted = 0)) GROUP BY sm.FirstName, sm.LastName ORDER BY TotalPaid DESC"
328,fees,how much fee collected first day of school reopening,"BranchMaster,Branch_Academic_Details,FeesCollection,UserAccountMaster,UserAccountRoleDetails","admin,fees,other:rbac",,0,,0,,,,,,"SELECT ISNULL(SUM(fc.Receipt_Amt), 0) AS first_day_collection FROM FeesCollection fc WHERE CAST(fc.Bill_Date AS DATE) = (SELECT MIN(CAST(bad.Start_Date AS DATE)) FROM Branch_Academic_Details bad WHERE GETDATE() BETWEEN bad.Start_Date AND bad.End_Date AND bad.Branch_Id IN (SELECT BranchID FROM UserAccountRoleDetails WHERE UserID = @UserId AND (@SelectedBranchId IS NULL OR BranchID = @SelectedBranchId) UNION SELECT ID FROM BranchMaster WHERE EXISTS (SELECT 1 FROM UserAccountMaster WHERE ID = @UserId AND IsSuperUser = 1) AND (@SelectedBranchId IS NULL OR ID = @SelectedBranchId) AND (IsDeleted IS NULL OR IsDeleted = 0))) AND (fc.IsDeleted IS NULL OR fc.IsDeleted = 0) AND fc.ChequeStatus_ID NOT IN (3, 4) AND fc.BranchID IN (SELECT BranchID FROM UserAccountRoleDetails WHERE UserID = @UserId AND (@SelectedBranchId IS NULL OR BranchID = @SelectedBranchId) UNION SELECT ID FROM BranchMaster WHERE EXISTS (SELECT 1 FROM UserAccountMaster WHERE ID = @UserId AND IsSuperUser = 1) AND (@SelectedBranchId IS NULL OR ID = @SelectedBranchId) AND (IsDeleted IS NULL OR IsDeleted = 0))"
326,fees,did the fees increase this year reflect in collection properly,"BranchMaster,Branch_Academic_Details,FeesCollection,FeesCollection_Details,UserAccountMaster,UserAccountRoleDetails","admin,fees,other:rbac",,0,,0,,,,,,"SELECT SUM(fcd.Fees_Amount) AS TotalDemand, SUM(fcd.Paid_Amt) AS TotalCollected FROM FeesCollection_Details fcd JOIN FeesCollection fc ON fcd.Fees_Collection_ID = fc.Id WHERE fc.BranchID IN (SELECT BranchID FROM UserAccountRoleDetails WHERE UserID = @UserId AND (@SelectedBranchId IS NULL OR BranchID = @SelectedBranchId) UNION SELECT ID FROM BranchMaster WHERE EXISTS (SELECT 1 FROM UserAccountMaster WHERE ID = @UserId AND IsSuperUser = 1) AND (@SelectedBranchId IS NULL OR ID = @SelectedBranchId) AND (IsDeleted IS NULL OR IsDeleted = 0)) AND fc.AcademicYearID IN (SELECT Id FROM Branch_Academic_Details WHERE GETDATE() BETWEEN Start_Date AND End_Date AND Branch_Id IN (SELECT BranchID FROM UserAccountRoleDetails WHERE UserID = @UserId AND (@SelectedBranchId IS NULL OR BranchID = @SelectedBranchId) UNION SELECT ID FROM BranchMaster WHERE EXISTS (SELECT 1 FROM UserAccountMaster WHERE ID = @UserId AND IsSuperUser = 1) AND (@SelectedBranchId IS NULL OR ID = @SelectedBranchId) AND (IsDeleted IS NULL OR IsDeleted = 0)))"
325,students/general,whats total receivable as on today closing,"BranchMaster,Branch_Academic_Details,FeesInformationStudentDetail,UserAccountMaster,UserAccountRoleDetails","admin,fees,other:rbac",,0,,0,,,,,,SELECT SUM(f.Amount) AS TotalReceivable FROM FeesInformationStudentDetail f WHERE f.IsIncludedInLumpSum <> 1 AND f.IsDonation = 0 AND f.BranchID IN (SELECT BranchID FROM UserAccountRoleDetails WHERE UserID = @UserId AND (@SelectedBranchId IS NULL OR BranchID = @SelectedBranchId) UNION SELECT ID FROM BranchMaster WHERE EXISTS (SELECT 1 FROM UserAccountMaster WHERE ID = @UserId AND IsSuperUser = 1) AND (@SelectedBranchId IS NULL OR ID = @SelectedBranchId) AND (IsDeleted IS NULL OR IsDeleted = 0)) AND f.AcademicYearID IN (SELECT Id FROM Branch_Academic_Details WHERE GETDATE() BETWEEN Start_Date AND End_Date AND Branch_Id IN (SELECT BranchID FROM UserAccountRoleDetails WHERE UserID = @UserId AND (@SelectedBranchId IS NULL OR BranchID = @SelectedBranchId) UNION SELECT ID FROM BranchMaster WHERE EXISTS (SELECT 1 FROM UserAccountMaster WHERE ID = @UserId AND IsSuperUser = 1) AND (@SelectedBranchId IS NULL OR ID = @SelectedBranchId) AND (IsDeleted IS NULL OR IsDeleted = 0)))
324,fees,fee dues for staff children who get concession,"BranchMaster,Branch_Academic_Details,ClassMaster,FeesCollection,FeesCollection_Details,StudentAcademicDetail,Student_Master,UserAccountMaster,UserAccountRoleDetails","admin,fees,other:rbac,students",,0,,0,,,,,,"SELECT sm.AdmissionNo, ISNULL(sm.FirstName, '') + ' ' + ISNULL(sm.MiddleName, '') + ' ' + ISNULL(sm.LastName, '') AS StudentName, cm.Name AS ClassName, SUM(fcd.Remaining_Amt) AS Outstanding FROM FeesCollection_Details fcd JOIN FeesCollection fc ON fcd.Fees_Collection_ID = fc.Id JOIN Student_Master sm ON fc.Student_ID = sm.ID JOIN StudentAcademicDetail sad ON sm.ID = sad.StudentID AND fc.AcademicYearID = sad.AcademicYearID JOIN ClassMaster cm ON sad.ClassID = cm.ID WHERE fc.BranchID IN (SELECT BranchID FROM UserAccountRoleDetails WHERE UserID = @UserId AND (@SelectedBranchId IS NULL OR BranchID = @SelectedBranchId) UNION SELECT ID FROM BranchMaster WHERE EXISTS (SELECT 1 FROM UserAccountMaster WHERE ID = @UserId AND IsSuperUser = 1) AND (@SelectedBranchId IS NULL OR ID = @SelectedBranchId) AND (IsDeleted IS NULL OR IsDeleted = 0)) AND fc.AcademicYearID IN (SELECT Id FROM Branch_Academic_Details WHERE GETDATE() BETWEEN Start_Date AND End_Date AND Branch_Id IN (SELECT BranchID FROM UserAccountRoleDetails WHERE UserID = @UserId AND (@SelectedBranchId IS NULL OR BranchID = @SelectedBranchId) UNION SELECT ID FROM BranchMaster WHERE EXISTS (SELECT 1 FROM UserAccountMaster WHERE ID = @UserId AND IsSuperUser = 1) AND (@SelectedBranchId IS NULL OR ID = @SelectedBranchId) AND (IsDeleted IS NULL OR IsDeleted = 0))) AND sm.StaffChild = 1 AND sad.IsActive = 1 GROUP BY sm.AdmissionNo, sm.FirstName, sm.MiddleName, sm.LastName, cm.Name HAVING SUM(fcd.Remaining_Amt) > 0 ORDER BY Outstanding DESC"
323,students/general,how many online transactions failed and money not received,"BranchMaster,Branch_Academic_Details,CollectionMode_Master,FeesCollection,UserAccountMaster,UserAccountRoleDetails","admin,fees,other:rbac",,0,,0,,,,,,"SELECT COUNT(*) AS FailedOnlineTransactions FROM FeesCollection fc WHERE (fc.IsDeleted IS NULL OR fc.IsDeleted = 0) AND fc.ChequeStatus_ID NOT IN (3, 4) AND fc.Collection_Mode_ID IN (SELECT ID FROM CollectionMode_Master WHERE Name = 'Bank Online Transfer') AND fc.BranchID IN (SELECT BranchID FROM UserAccountRoleDetails WHERE UserID = @UserId AND (@SelectedBranchId IS NULL OR BranchID = @SelectedBranchId) UNION SELECT ID FROM BranchMaster WHERE EXISTS (SELECT 1 FROM UserAccountMaster WHERE ID = @UserId AND IsSuperUser = 1) AND (@SelectedBranchId IS NULL OR ID = @SelectedBranchId) AND (IsDeleted IS NULL OR IsDeleted = 0)) AND fc.AcademicYearID IN (SELECT Id FROM Branch_Academic_Details WHERE GETDATE() BETWEEN Start_Date AND End_Date AND Branch_Id IN (SELECT BranchID FROM UserAccountRoleDetails WHERE UserID = @UserId AND (@SelectedBranchId IS NULL OR BranchID = @SelectedBranchId) UNION SELECT ID FROM BranchMaster WHERE EXISTS (SELECT 1 FROM UserAccountMaster WHERE ID = @UserId AND IsSuperUser = 1) AND (@SelectedBranchId IS NULL OR ID = @SelectedBranchId) AND (IsDeleted IS NULL OR IsDeleted = 0)))"
322,fees,parents who partially paid but balance more than 20k,"BranchMaster,Branch_Academic_Details,FeesCollection,FeesCollection_Details,Student_Master,UserAccountMaster,UserAccountRoleDetails","admin,fees,other:rbac,students",,0,,0,,,,,,"SELECT sm.FirstName + ' ' + sm.LastName AS ParentName, SUM(fcd.Remaining_Amt) AS Outstanding FROM FeesCollection_Details fcd JOIN FeesCollection fc ON fcd.Fees_Collection_ID = fc.Id JOIN Student_Master sm ON fc.Student_ID = sm.ID WHERE (fc.IsDeleted IS NULL OR fc.IsDeleted = 0) AND fc.ChequeStatus_ID NOT IN (3, 4) AND fcd.Remaining_Amt > 0 AND fc.BranchID IN (SELECT BranchID FROM UserAccountRoleDetails WHERE UserID = @UserId AND (@SelectedBranchId IS NULL OR BranchID = @SelectedBranchId) UNION SELECT ID FROM BranchMaster WHERE EXISTS (SELECT 1 FROM UserAccountMaster WHERE ID = @UserId AND IsSuperUser = 1) AND (@SelectedBranchId IS NULL OR ID = @SelectedBranchId) AND (IsDeleted IS NULL OR IsDeleted = 0)) AND fc.AcademicYearID IN (SELECT Id FROM Branch_Academic_Details WHERE GETDATE() BETWEEN Start_Date AND End_Date AND Branch_Id IN (SELECT BranchID FROM UserAccountRoleDetails WHERE UserID = @UserId AND (@SelectedBranchId IS NULL OR BranchID = @SelectedBranchId) UNION SELECT ID FROM BranchMaster WHERE EXISTS (SELECT 1 FROM UserAccountMaster WHERE ID = @UserId AND IsSuperUser = 1) AND (@SelectedBranchId IS NULL OR ID = @SelectedBranchId) AND (IsDeleted IS NULL OR IsDeleted = 0))) GROUP BY sm.FirstName, sm.LastName HAVING SUM(fcd.Remaining_Amt) > 20000 ORDER BY Outstanding DESC"
321,fees,give consolidated fee report for management meeting tomorrow,"BranchMaster,Branch_Academic_Details,FeesCollection,FeesCollection_Details,UserAccountMaster,UserAccountRoleDetails","admin,fees,other:rbac",,0,,0,,,,,,"SELECT SUM(fcd.Paid_Amt) AS TotalCollected, COUNT(DISTINCT fc.Student_ID) AS StudentsPaid FROM FeesCollection_Details fcd INNER JOIN FeesCollection fc ON fcd.Fees_Collection_ID = fc.Id WHERE CAST(fc.Bill_Date AS DATE) = CAST(DATEADD(DAY, 1, GETDATE()) AS DATE) AND (fc.IsDeleted IS NULL OR fc.IsDeleted = 0) AND fc.ChequeStatus_ID NOT IN (3, 4) AND fc.BranchID IN (SELECT BranchID FROM UserAccountRoleDetails WHERE UserID = @UserId AND (@SelectedBranchId IS NULL OR BranchID = @SelectedBranchId) UNION SELECT ID FROM BranchMaster WHERE EXISTS (SELECT 1 FROM UserAccountMaster WHERE ID = @UserId AND IsSuperUser = 1) AND (@SelectedBranchId IS NULL OR ID = @SelectedBranchId) AND (IsDeleted IS NULL OR IsDeleted = 0)) AND fc.AcademicYearID IN (SELECT Id FROM Branch_Academic_Details WHERE GETDATE() BETWEEN Start_Date AND End_Date AND Branch_Id IN (SELECT BranchID FROM UserAccountRoleDetails WHERE UserID = @UserId AND (@SelectedBranchId IS NULL OR BranchID = @SelectedBranchId) UNION SELECT ID FROM BranchMaster WHERE EXISTS (SELECT 1 FROM UserAccountMaster WHERE ID = @UserId AND IsSuperUser = 1) AND (@SelectedBranchId IS NULL OR ID = @SelectedBranchId) AND (IsDeleted IS NULL OR IsDeleted = 0)))"
320,fees,how much late fee is waived vs collected,"BranchMaster,Branch_Academic_Details,FeesCollection_Details,UserAccountMaster,UserAccountRoleDetails","admin,fees,other:rbac",,0,,0,,,,,,"SELECT SUM(fcd.LateFeeAmount) AS TotalApplicableLateFee, SUM(fcd.Paid_Amt) AS TotalCollectedIncludingLateFee FROM FeesCollection_Details fcd WHERE fcd.BranchID IN (SELECT BranchID FROM UserAccountRoleDetails WHERE UserID = @UserId AND (@SelectedBranchId IS NULL OR BranchID = @SelectedBranchId) UNION SELECT ID FROM BranchMaster WHERE EXISTS (SELECT 1 FROM UserAccountMaster WHERE ID = @UserId AND IsSuperUser = 1) AND (@SelectedBranchId IS NULL OR ID = @SelectedBranchId) AND (IsDeleted IS NULL OR IsDeleted = 0)) AND fcd.AcademicYearID IN (SELECT Id FROM Branch_Academic_Details WHERE GETDATE() BETWEEN Start_Date AND End_Date AND Branch_Id IN (SELECT BranchID FROM UserAccountRoleDetails WHERE UserID = @UserId AND (@SelectedBranchId IS NULL OR BranchID = @SelectedBranchId) UNION SELECT ID FROM BranchMaster WHERE EXISTS (SELECT 1 FROM UserAccountMaster WHERE ID = @UserId AND IsSuperUser = 1) AND (@SelectedBranchId IS NULL OR ID = @SelectedBranchId) AND (IsDeleted IS NULL OR IsDeleted = 0)))"
318,fees,which quarter we collected least fees historically,"BranchMaster,Branch_Academic_Details,FeesCollection,UserAccountMaster,UserAccountRoleDetails","admin,fees,other:rbac",,0,,0,,,,,,"SELECT TOP 1 DATEPART(QUARTER, fc.Bill_Date) AS Quarter, SUM(fc.Receipt_Amt) AS TotalCollection FROM FeesCollection fc WHERE fc.AcademicYearID IN (SELECT Id FROM Branch_Academic_Details WHERE GETDATE() BETWEEN Start_Date AND End_Date AND Branch_Id IN (SELECT BranchID FROM UserAccountRoleDetails WHERE UserID = @UserId AND (@SelectedBranchId IS NULL OR BranchID = @SelectedBranchId) UNION SELECT ID FROM BranchMaster WHERE EXISTS (SELECT 1 FROM UserAccountMaster WHERE ID = @UserId AND IsSuperUser = 1) AND (@SelectedBranchId IS NULL OR ID = @SelectedBranchId) AND (IsDeleted IS NULL OR IsDeleted = 0))) AND (fc.IsDeleted IS NULL OR fc.IsDeleted = 0) AND fc.ChequeStatus_ID NOT IN (3, 4) AND fc.BranchID IN (SELECT BranchID FROM UserAccountRoleDetails WHERE UserID = @UserId AND (@SelectedBranchId IS NULL OR BranchID = @SelectedBranchId) UNION SELECT ID FROM BranchMaster WHERE EXISTS (SELECT 1 FROM UserAccountMaster WHERE ID = @UserId AND IsSuperUser = 1) AND (@SelectedBranchId IS NULL OR ID = @SelectedBranchId) AND (IsDeleted IS NULL OR IsDeleted = 0)) GROUP BY DATEPART(QUARTER, fc.Bill_Date) ORDER BY TotalCollection ASC"
317,fees,total fee collected by each accountant/counter,"BranchMaster,Branch_Academic_Details,FeesCollection,UserAccountMaster,UserAccountRoleDetails","admin,fees,other:rbac",,0,,0,,,,,,"SELECT fc.Collected_By_Name, SUM(fc.Receipt_Amt) AS TotalCollection FROM FeesCollection fc WHERE fc.BranchID IN (SELECT BranchID FROM UserAccountRoleDetails WHERE UserID = @UserId AND (@SelectedBranchId IS NULL OR BranchID = @SelectedBranchId) UNION SELECT ID FROM BranchMaster WHERE EXISTS (SELECT 1 FROM UserAccountMaster WHERE ID = @UserId AND IsSuperUser = 1) AND (@SelectedBranchId IS NULL OR ID = @SelectedBranchId) AND (IsDeleted IS NULL OR IsDeleted = 0)) AND fc.AcademicYearID IN (SELECT Id FROM Branch_Academic_Details WHERE GETDATE() BETWEEN Start_Date AND End_Date AND Branch_Id IN (SELECT BranchID FROM UserAccountRoleDetails WHERE UserID = @UserId AND (@SelectedBranchId IS NULL OR BranchID = @SelectedBranchId) UNION SELECT ID FROM BranchMaster WHERE EXISTS (SELECT 1 FROM UserAccountMaster WHERE ID = @UserId AND IsSuperUser = 1) AND (@SelectedBranchId IS NULL OR ID = @SelectedBranchId) AND (IsDeleted IS NULL OR IsDeleted = 0))) AND (fc.IsDeleted IS NULL OR fc.IsDeleted = 0) AND fc.ChequeStatus_ID NOT IN (3, 4) GROUP BY fc.Collected_By_Name ORDER BY TotalCollection DESC"
314,fees,class 9 fee pending student count and amount both,"BranchMaster,Branch_Academic_Details,FeesInformationStudentDetail,StudentAcademicDetail,UserAccountMaster,UserAccountRoleDetails","admin,fees,other:rbac,students",,0,,0,,,,,,"SELECT COUNT(DISTINCT f.Student_ID) AS PendingStudentCount, SUM(f.Amount - ISNULL(f.Concession_Amt, 0) - ISNULL(f.Paid_Amt, 0) - ISNULL(f.Lien_Amount, 0)) AS TotalPendingAmount FROM FeesInformationStudentDetail f INNER JOIN StudentAcademicDetail sa ON f.Student_ID = sa.StudentID AND f.ClassID = sa.ClassID WHERE f.IsIncludedInLumpSum <> 1 AND f.IsDonation = 0 AND f.BranchID IN (SELECT BranchID FROM UserAccountRoleDetails WHERE UserID = @UserId AND (@SelectedBranchId IS NULL OR BranchID = @SelectedBranchId) UNION SELECT ID FROM BranchMaster WHERE EXISTS (SELECT 1 FROM UserAccountMaster WHERE ID = @UserId AND IsSuperUser = 1) AND (@SelectedBranchId IS NULL OR ID = @SelectedBranchId) AND (IsDeleted IS NULL OR IsDeleted = 0)) AND f.AcademicYearID IN (SELECT Id FROM Branch_Academic_Details WHERE GETDATE() BETWEEN Start_Date AND End_Date AND Branch_Id IN (SELECT BranchID FROM UserAccountRoleDetails WHERE UserID = @UserId AND (@SelectedBranchId IS NULL OR BranchID = @SelectedBranchId) UNION SELECT ID FROM BranchMaster WHERE EXISTS (SELECT 1 FROM UserAccountMaster WHERE ID = @UserId AND IsSuperUser = 1) AND (@SelectedBranchId IS NULL OR ID = @SelectedBranchId) AND (IsDeleted IS NULL OR IsDeleted = 0))) AND f.ClassName = 'Class 9' AND sa.IsActive = 1 AND (sa.IsTCIssued = 0 OR sa.IsTCIssued IS NULL)"
313,fees,show me the biggest single fee payment received this year,"BranchMaster,Branch_Academic_Details,FeesCollection,Student_Master,UserAccountMaster,UserAccountRoleDetails","admin,fees,other:rbac,students",,0,,0,,,,,,"SELECT TOP 1 fc.Bill_No, ISNULL(sm.FirstName, '') + ' ' + ISNULL(sm.MiddleName, '') + ' ' + ISNULL(sm.LastName, '') AS StudentName, fc.Receipt_Amt, CAST(fc.Bill_Date AS DATE) AS BillDate FROM FeesCollection fc INNER JOIN Student_Master sm ON fc.Student_ID = sm.ID WHERE (fc.IsDeleted IS NULL OR fc.IsDeleted = 0) AND fc.ChequeStatus_ID NOT IN (3, 4) AND fc.BranchID IN (SELECT BranchID FROM UserAccountRoleDetails WHERE UserID = @UserId AND (@SelectedBranchId IS NULL OR BranchID = @SelectedBranchId) UNION SELECT ID FROM BranchMaster WHERE EXISTS (SELECT 1 FROM UserAccountMaster WHERE ID = @UserId AND IsSuperUser = 1) AND (@SelectedBranchId IS NULL OR ID = @SelectedBranchId) AND (IsDeleted IS NULL OR IsDeleted = 0)) AND fc.AcademicYearID IN (SELECT Id FROM Branch_Academic_Details WHERE GETDATE() BETWEEN Start_Date AND End_Date AND Branch_Id IN (SELECT BranchID FROM UserAccountRoleDetails WHERE UserID = @UserId AND (@SelectedBranchId IS NULL OR BranchID = @SelectedBranchId) UNION SELECT ID FROM BranchMaster WHERE EXISTS (SELECT 1 FROM UserAccountMaster WHERE ID = @UserId AND IsSuperUser = 1) AND (@SelectedBranchId IS NULL OR ID = @SelectedBranchId) AND (IsDeleted IS NULL OR IsDeleted = 0))) ORDER BY fc.Receipt_Amt DESC"
312,fees,how many defaulters converted to paid after reminder last week,"BranchMaster,Branch_Academic_Details,FeesCollection,FeesCollection_Details,UserAccountMaster,UserAccountRoleDetails","admin,fees,other:rbac",,0,,0,,,,,,"SELECT COUNT(DISTINCT fc.Student_ID) AS ConvertedToPaid FROM FeesCollection_Details fcd INNER JOIN FeesCollection fc ON fcd.Fees_Collection_ID = fc.Id WHERE fcd.BranchID IN (SELECT BranchID FROM UserAccountRoleDetails WHERE UserID = @UserId AND (@SelectedBranchId IS NULL OR BranchID = @SelectedBranchId) UNION SELECT ID FROM BranchMaster WHERE EXISTS (SELECT 1 FROM UserAccountMaster WHERE ID = @UserId AND IsSuperUser = 1) AND (@SelectedBranchId IS NULL OR ID = @SelectedBranchId) AND (IsDeleted IS NULL OR IsDeleted = 0)) AND fcd.AcademicYearID IN (SELECT Id FROM Branch_Academic_Details WHERE GETDATE() BETWEEN Start_Date AND End_Date AND Branch_Id IN (SELECT BranchID FROM UserAccountRoleDetails WHERE UserID = @UserId AND (@SelectedBranchId IS NULL OR BranchID = @SelectedBranchId) UNION SELECT ID FROM BranchMaster WHERE EXISTS (SELECT 1 FROM UserAccountMaster WHERE ID = @UserId AND IsSuperUser = 1) AND (@SelectedBranchId IS NULL OR ID = @SelectedBranchId) AND (IsDeleted IS NULL OR IsDeleted = 0))) AND fcd.Remaining_Amt = 0 AND fc.Bill_Date >= DATEADD(DAY, -7, DATEFROMPARTS(YEAR(GETDATE()), MONTH(GETDATE()), 1))"
311,fees,fee structure for class 6 what is it currently,"BranchMaster,Branch_Academic_Details,ClassMaster,FeesCollection,FeesCollection_Details,UserAccountMaster,UserAccountRoleDetails","admin,fees,other:rbac,students",,0,,0,,,,,,"SELECT fcd.FeesType_Name, SUM(fcd.Paid_Amt) AS TotalPaid FROM FeesCollection_Details fcd JOIN FeesCollection fc ON fcd.Fees_Collection_ID = fc.Id JOIN ClassMaster cm ON fc.Class_ID = cm.ID WHERE cm.Name IN ('Class 6', 'VI') AND fc.AcademicYearID IN (SELECT Id FROM Branch_Academic_Details WHERE GETDATE() BETWEEN Start_Date AND End_Date AND Branch_Id IN (SELECT BranchID FROM UserAccountRoleDetails WHERE UserID = @UserId AND (@SelectedBranchId IS NULL OR BranchID = @SelectedBranchId) UNION SELECT ID FROM BranchMaster WHERE EXISTS (SELECT 1 FROM UserAccountMaster WHERE ID = @UserId AND IsSuperUser = 1) AND (@SelectedBranchId IS NULL OR ID = @SelectedBranchId) AND (IsDeleted IS NULL OR IsDeleted = 0))) AND (fc.IsDeleted IS NULL OR fc.IsDeleted = 0) AND fc.ChequeStatus_ID NOT IN (3, 4) AND fc.BranchID IN (SELECT BranchID FROM UserAccountRoleDetails WHERE UserID = @UserId AND (@SelectedBranchId IS NULL OR BranchID = @SelectedBranchId) UNION SELECT ID FROM BranchMaster WHERE EXISTS (SELECT 1 FROM UserAccountMaster WHERE ID = @UserId AND IsSuperUser = 1) AND (@SelectedBranchId IS NULL OR ID = @SelectedBranchId) AND (IsDeleted IS NULL OR IsDeleted = 0)) GROUP BY fcd.FeesType_Name ORDER BY TotalPaid DESC"
310,fees,how much we expecting to collect next month based on dues,"BranchMaster,Branch_Academic_Details,FeesInformationStudentDetail,UserAccountMaster,UserAccountRoleDetails","admin,fees,other:rbac",,0,,0,,,,,,"SELECT SUM(f.Amount - ISNULL(f.Concession_Amt, 0) - ISNULL(f.Paid_Amt, 0) - ISNULL(f.Lien_Amount, 0)) AS ExpectedCollection FROM FeesInformationStudentDetail f WHERE f.IsIncludedInLumpSum <> 1 AND f.IsDonation = 0 AND f.BranchID IN (SELECT BranchID FROM UserAccountRoleDetails WHERE UserID = @UserId AND (@SelectedBranchId IS NULL OR BranchID = @SelectedBranchId) UNION SELECT ID FROM BranchMaster WHERE EXISTS (SELECT 1 FROM UserAccountMaster WHERE ID = @UserId AND IsSuperUser = 1) AND (@SelectedBranchId IS NULL OR ID = @SelectedBranchId) AND (IsDeleted IS NULL OR IsDeleted = 0)) AND f.AcademicYearID IN (SELECT Id FROM Branch_Academic_Details WHERE GETDATE() BETWEEN Start_Date AND End_Date AND Branch_Id IN (SELECT BranchID FROM UserAccountRoleDetails WHERE UserID = @UserId AND (@SelectedBranchId IS NULL OR BranchID = @SelectedBranchId) UNION SELECT ID FROM BranchMaster WHERE EXISTS (SELECT 1 FROM UserAccountMaster WHERE ID = @UserId AND IsSuperUser = 1) AND (@SelectedBranchId IS NULL OR ID = @SelectedBranchId) AND (IsDeleted IS NULL OR IsDeleted = 0))) AND f.Month_Name = DATENAME(MONTH, DATEADD(MONTH, 1, GETDATE()))"
309,fees,students who paid but receipt not generated,"BranchMaster,Branch_Academic_Details,ClassMaster,FeesCollection,SectionMaster,StudentAcademicDetail,Student_Master,UserAccountMaster,UserAccountRoleDetails","admin,fees,other:rbac,students",,0,,0,,,,,,"SELECT sm.ID, ISNULL(sm.FirstName, '') + ' ' + ISNULL(sm.MiddleName, '') + ' ' + ISNULL(sm.LastName, '') AS StudentName, sm.AdmissionNo, sad.ClassName, secm.Name AS SectionName FROM Student_Master sm INNER JOIN StudentAcademicDetail sad ON sm.ID = sad.StudentID JOIN ClassMaster cm ON sad.ClassID = cm.ID JOIN SectionMaster secm ON sad.SectionID = secm.ID WHERE sad.AcademicYearID IN (SELECT Id FROM Branch_Academic_Details WHERE GETDATE() BETWEEN Start_Date AND End_Date AND Branch_Id IN (SELECT BranchID FROM UserAccountRoleDetails WHERE UserID = @UserId AND (@SelectedBranchId IS NULL OR BranchID = @SelectedBranchId) UNION SELECT ID FROM BranchMaster WHERE EXISTS (SELECT 1 FROM UserAccountMaster WHERE ID = @UserId AND IsSuperUser = 1) AND (@SelectedBranchId IS NULL OR ID = @SelectedBranchId) AND (IsDeleted IS NULL OR IsDeleted = 0))) AND sad.IsActive = 1 AND (sad.IsTCIssued = 0 OR sad.IsTCIssued IS NULL) AND sm.BranchID IN (SELECT BranchID FROM UserAccountRoleDetails WHERE UserID = @UserId AND (@SelectedBranchId IS NULL OR BranchID = @SelectedBranchId) UNION SELECT ID FROM BranchMaster WHERE EXISTS (SELECT 1 FROM UserAccountMaster WHERE ID = @UserId AND IsSuperUser = 1) AND (@SelectedBranchId IS NULL OR ID = @SelectedBranchId) AND (IsDeleted IS NULL OR IsDeleted = 0)) AND NOT EXISTS (SELECT 1 FROM FeesCollection fc WHERE fc.Student_ID = sm.ID AND fc.AcademicYearID = sad.AcademicYearID AND (fc.IsDeleted IS NULL OR fc.IsDeleted = 0) AND fc.ChequeStatus_ID NOT IN (3, 4) AND fc.BranchID IN (SELECT BranchID FROM UserAccountRoleDetails WHERE UserID = @UserId AND (@SelectedBranchId IS NULL OR BranchID = @SelectedBranchId) UNION SELECT ID FROM BranchMaster WHERE EXISTS (SELECT 1 FROM UserAccountMaster WHERE ID = @UserId AND IsSuperUser = 1) AND (@SelectedBranchId IS NULL OR ID = @SelectedBranchId) AND (IsDeleted IS NULL OR IsDeleted = 0)))"
308,fees,is there duplicate payment entry anywhere?,"BranchMaster,Branch_Academic_Details,FeesCollection,UserAccountMaster,UserAccountRoleDetails","admin,fees,other:rbac",,0,,0,,,,,,"SELECT fc1.Bill_No, fc1.Admission_No, fc1.Receipt_Amt FROM FeesCollection fc1 INNER JOIN FeesCollection fc2 ON fc1.Id <> fc2.Id AND fc1.Bill_No = fc2.Bill_No AND fc1.Admission_No = fc2.Admission_No WHERE fc1.BranchID IN (SELECT BranchID FROM UserAccountRoleDetails WHERE UserID = @UserId AND (@SelectedBranchId IS NULL OR BranchID = @SelectedBranchId) UNION SELECT ID FROM BranchMaster WHERE EXISTS (SELECT 1 FROM UserAccountMaster WHERE ID = @UserId AND IsSuperUser = 1) AND (@SelectedBranchId IS NULL OR ID = @SelectedBranchId) AND (IsDeleted IS NULL OR IsDeleted = 0)) AND fc1.AcademicYearID IN (SELECT Id FROM Branch_Academic_Details WHERE GETDATE() BETWEEN Start_Date AND End_Date AND Branch_Id IN (SELECT BranchID FROM UserAccountRoleDetails WHERE UserID = @UserId AND (@SelectedBranchId IS NULL OR BranchID = @SelectedBranchId) UNION SELECT ID FROM BranchMaster WHERE EXISTS (SELECT 1 FROM UserAccountMaster WHERE ID = @UserId AND IsSuperUser = 1) AND (@SelectedBranchId IS NULL OR ID = @SelectedBranchId) AND (IsDeleted IS NULL OR IsDeleted = 0))) AND fc2.IsDeleted = 0 AND fc1.ChequeStatus_ID NOT IN (3, 4) AND fc2.ChequeStatus_ID NOT IN (3, 4)"
307,fees,total refund processed this year amount,"BranchMaster,Branch_Academic_Details,RefundReceipt,UserAccountMaster,UserAccountRoleDetails","admin,fees,other:rbac",,0,,0,,,,,,"SELECT ISNULL(SUM(Refund_Amt), 0) AS TotalRefund FROM RefundReceipt WHERE BranchID IN (SELECT BranchID FROM UserAccountRoleDetails WHERE UserID = @UserId AND (@SelectedBranchId IS NULL OR BranchID = @SelectedBranchId) UNION SELECT ID FROM BranchMaster WHERE EXISTS (SELECT 1 FROM UserAccountMaster WHERE ID = @UserId AND IsSuperUser = 1) AND (@SelectedBranchId IS NULL OR ID = @SelectedBranchId) AND (IsDeleted IS NULL OR IsDeleted = 0)) AND AcademicYearID IN (SELECT Id FROM Branch_Academic_Details WHERE GETDATE() BETWEEN Start_Date AND End_Date AND Branch_Id IN (SELECT BranchID FROM UserAccountRoleDetails WHERE UserID = @UserId AND (@SelectedBranchId IS NULL OR BranchID = @SelectedBranchId) UNION SELECT ID FROM BranchMaster WHERE EXISTS (SELECT 1 FROM UserAccountMaster WHERE ID = @UserId AND IsSuperUser = 1) AND (@SelectedBranchId IS NULL OR ID = @SelectedBranchId) AND (IsDeleted IS NULL OR IsDeleted = 0)))"
306,fees,which mode most parents using for payment upi or card,"BranchMaster,Branch_Academic_Details,CollectionMode_Master,FeesCollection,UserAccountMaster,UserAccountRoleDetails","admin,fees,other:rbac",,0,,0,,,,,,"SELECT cmm.Name AS PaymentMode, COUNT(*) AS ParentCount FROM FeesCollection fc INNER JOIN CollectionMode_Master cmm ON fc.Collection_Mode_ID = cmm.ID WHERE (fc.IsDeleted IS NULL OR fc.IsDeleted = 0) AND fc.ChequeStatus_ID NOT IN (3, 4) AND fc.BranchID IN (SELECT BranchID FROM UserAccountRoleDetails WHERE UserID = @UserId AND (@SelectedBranchId IS NULL OR BranchID = @SelectedBranchId) UNION SELECT ID FROM BranchMaster WHERE EXISTS (SELECT 1 FROM UserAccountMaster WHERE ID = @UserId AND IsSuperUser = 1) AND (@SelectedBranchId IS NULL OR ID = @SelectedBranchId) AND (IsDeleted IS NULL OR IsDeleted = 0)) AND fc.AcademicYearID IN (SELECT Id FROM Branch_Academic_Details WHERE GETDATE() BETWEEN Start_Date AND End_Date AND Branch_Id IN (SELECT BranchID FROM UserAccountRoleDetails WHERE UserID = @UserId AND (@SelectedBranchId IS NULL OR BranchID = @SelectedBranchId) UNION SELECT ID FROM BranchMaster WHERE EXISTS (SELECT 1 FROM UserAccountMaster WHERE ID = @UserId AND IsSuperUser = 1) AND (@SelectedBranchId IS NULL OR ID = @SelectedBranchId) AND (IsDeleted IS NULL OR IsDeleted = 0))) GROUP BY cmm.Name ORDER BY COUNT(*) DESC"
305,fees,give me month wise breakup of collection april to now,"BranchMaster,FeesCollection,UserAccountMaster,UserAccountRoleDetails","admin,fees,other:rbac",,1,FEE-007:Fee query omits AcademicYearID filter (returns all-time data).,0,,,,,,"SELECT FORMAT(fc.Bill_Date, 'MM-yyyy') AS [Month], SUM(fc.Receipt_Amt) AS Collection FROM FeesCollection fc WHERE (fc.IsDeleted IS NULL OR fc.IsDeleted = 0) AND fc.ChequeStatus_ID NOT IN (3, 4) AND MONTH(fc.Bill_Date) >= 4 AND YEAR(fc.Bill_Date) = YEAR(GETDATE()) AND fc.BranchID IN (SELECT BranchID FROM UserAccountRoleDetails WHERE UserID = @UserId AND (@SelectedBranchId IS NULL OR BranchID = @SelectedBranchId) UNION SELECT ID FROM BranchMaster WHERE EXISTS (SELECT 1 FROM UserAccountMaster WHERE ID = @UserId AND IsSuperUser = 1) AND (@SelectedBranchId IS NULL OR ID = @SelectedBranchId) AND (IsDeleted IS NULL OR IsDeleted = 0)) GROUP BY FORMAT(fc.Bill_Date, 'MM-yyyy') ORDER BY [Month]"
304,fees,pending fees girls vs boys any difference?,"BranchMaster,Branch_Academic_Details,FeesCollection,FeesCollection_Details,Student_Master,UserAccountMaster,UserAccountRoleDetails","admin,fees,other:rbac,students",,0,,0,,,,,,"SELECT sm.Gender, SUM(fcd.Remaining_Amt) AS Pending FROM FeesCollection_Details fcd JOIN FeesCollection fc ON fcd.Fees_Collection_ID = fc.Id JOIN Student_Master sm ON fc.Student_ID = sm.ID WHERE (fc.IsDeleted IS NULL OR fc.IsDeleted = 0) AND fc.ChequeStatus_ID NOT IN (3, 4) AND fcd.Remaining_Amt > 0 AND fc.AcademicYearID IN (SELECT Id FROM Branch_Academic_Details WHERE GETDATE() BETWEEN Start_Date AND End_Date AND Branch_Id IN (SELECT BranchID FROM UserAccountRoleDetails WHERE UserID = @UserId AND (@SelectedBranchId IS NULL OR BranchID = @SelectedBranchId) UNION SELECT ID FROM BranchMaster WHERE EXISTS (SELECT 1 FROM UserAccountMaster WHERE ID = @UserId AND IsSuperUser = 1) AND (@SelectedBranchId IS NULL OR ID = @SelectedBranchId) AND (IsDeleted IS NULL OR IsDeleted = 0))) AND fc.BranchID IN (SELECT BranchID FROM UserAccountRoleDetails WHERE UserID = @UserId AND (@SelectedBranchId IS NULL OR BranchID = @SelectedBranchId) UNION SELECT ID FROM BranchMaster WHERE EXISTS (SELECT 1 FROM UserAccountMaster WHERE ID = @UserId AND IsSuperUser = 1) AND (@SelectedBranchId IS NULL OR ID = @SelectedBranchId) AND (IsDeleted IS NULL OR IsDeleted = 0)) GROUP BY sm.Gender"
303,fees,how much is the annual day fee or misc charges collected,"BranchMaster,Branch_Academic_Details,FeesCollection_Details,Fees_Master,UserAccountMaster,UserAccountRoleDetails","admin,fees,other:rbac",,0,,0,,,,,,SELECT SUM(fcd.Paid_Amt) AS AnnualDayFeeCollection FROM FeesCollection_Details fcd INNER JOIN Fees_Master fm ON fcd.Fees_Head_ID = fm.ID WHERE fm.Name LIKE '%Day Fee%' AND fcd.BranchID IN (SELECT BranchID FROM UserAccountRoleDetails WHERE UserID = @UserId AND (@SelectedBranchId IS NULL OR BranchID = @SelectedBranchId) UNION SELECT ID FROM BranchMaster WHERE EXISTS (SELECT 1 FROM UserAccountMaster WHERE ID = @UserId AND IsSuperUser = 1) AND (@SelectedBranchId IS NULL OR ID = @SelectedBranchId) AND (IsDeleted IS NULL OR IsDeleted = 0)) AND fcd.AcademicYearID IN (SELECT Id FROM Branch_Academic_Details WHERE GETDATE() BETWEEN Start_Date AND End_Date AND Branch_Id IN (SELECT BranchID FROM UserAccountRoleDetails WHERE UserID = @UserId AND (@SelectedBranchId IS NULL OR BranchID = @SelectedBranchId) UNION SELECT ID FROM BranchMaster WHERE EXISTS (SELECT 1 FROM UserAccountMaster WHERE ID = @UserId AND IsSuperUser = 1) AND (@SelectedBranchId IS NULL OR ID = @SelectedBranchId) AND (IsDeleted IS NULL OR IsDeleted = 0)))
302,fees,who paid fees yesterday give list,"BranchMaster,FeesCollection,Student_Master,UserAccountMaster,UserAccountRoleDetails","admin,fees,other:rbac,students",,0,,0,,,,,,"SELECT sm.FirstName + ' ' + sm.LastName AS StudentName, fc.Receipt_Amt AS Amount FROM FeesCollection fc JOIN Student_Master sm ON fc.Student_ID = sm.ID WHERE CAST(fc.Bill_Date AS DATE) = CAST(DATEADD(DAY, -1, GETDATE()) AS DATE) AND (fc.IsDeleted IS NULL OR fc.IsDeleted = 0) AND fc.ChequeStatus_ID NOT IN (3, 4) AND fc.BranchID IN (SELECT BranchID FROM UserAccountRoleDetails WHERE UserID = @UserId AND (@SelectedBranchId IS NULL OR BranchID = @SelectedBranchId) UNION SELECT ID FROM BranchMaster WHERE EXISTS (SELECT 1 FROM UserAccountMaster WHERE ID = @UserId AND IsSuperUser = 1) AND (@SelectedBranchId IS NULL OR ID = @SelectedBranchId) AND (IsDeleted IS NULL OR IsDeleted = 0)) ORDER BY fc.Receipt_Amt DESC"
298,fees,list students eligible for fee reminder sms today,"BranchMaster,Branch_Academic_Details,FeesCollection,FeesCollection_Details,SectionMaster,StudentAcademicDetail,Student_Master,UserAccountMaster,UserAccountRoleDetails","admin,fees,other:rbac,students",,0,,0,,,,,,"SELECT sm.ID, ISNULL(sm.FirstName, '') + ' ' + ISNULL(sm.MiddleName, '') + ' ' + ISNULL(sm.LastName, '') AS StudentName, sm.AdmissionNo, sad.ClassName, secm.Name AS SectionName FROM Student_Master sm INNER JOIN StudentAcademicDetail sad ON sm.ID = sad.StudentID INNER JOIN Branch_Academic_Details bad ON sad.AcademicYearID = bad.Id INNER JOIN SectionMaster secm ON sad.SectionID = secm.ID WHERE GETDATE() BETWEEN bad.Start_Date AND bad.End_Date AND sad.IsActive = 1 AND (sad.IsTCIssued = 0 OR sad.IsTCIssued IS NULL) AND sm.BranchID IN (SELECT BranchID FROM UserAccountRoleDetails WHERE UserID = @UserId AND (@SelectedBranchId IS NULL OR BranchID = @SelectedBranchId) UNION SELECT ID FROM BranchMaster WHERE EXISTS (SELECT 1 FROM UserAccountMaster WHERE ID = @UserId AND IsSuperUser = 1) AND (@SelectedBranchId IS NULL OR ID = @SelectedBranchId) AND (IsDeleted IS NULL OR IsDeleted = 0)) AND sm.ID IN (SELECT DISTINCT fc.Student_ID FROM FeesCollection_Details fcd INNER JOIN FeesCollection fc ON fcd.Fees_Collection_ID = fc.Id WHERE CAST(fc.Bill_Date AS DATE) = CAST(GETDATE() AS DATE) AND (fc.IsDeleted IS NULL OR fc.IsDeleted = 0) AND fc.ChequeStatus_ID NOT IN (3, 4))"
297,students/general,which class contributes most to our revenue,"BranchMaster,Branch_Academic_Details,ClassMaster,FeesCollection,UserAccountMaster,UserAccountRoleDetails","admin,fees,other:rbac,students",,0,,0,,,,,,"SELECT TOP 1 cm.Name AS ClassName, SUM(fc.Receipt_Amt) AS TotalCollection FROM FeesCollection fc JOIN ClassMaster cm ON fc.Class_ID = cm.ID WHERE (fc.IsDeleted IS NULL OR fc.IsDeleted = 0) AND fc.ChequeStatus_ID NOT IN (3, 4) AND fc.BranchID IN (SELECT BranchID FROM UserAccountRoleDetails WHERE UserID = @UserId AND (@SelectedBranchId IS NULL OR BranchID = @SelectedBranchId) UNION SELECT ID FROM BranchMaster WHERE EXISTS (SELECT 1 FROM UserAccountMaster WHERE ID = @UserId AND IsSuperUser = 1) AND (@SelectedBranchId IS NULL OR ID = @SelectedBranchId) AND (IsDeleted IS NULL OR IsDeleted = 0)) AND fc.AcademicYearID IN (SELECT Id FROM Branch_Academic_Details WHERE GETDATE() BETWEEN Start_Date AND End_Date AND Branch_Id IN (SELECT BranchID FROM UserAccountRoleDetails WHERE UserID = @UserId AND (@SelectedBranchId IS NULL OR BranchID = @SelectedBranchId) UNION SELECT ID FROM BranchMaster WHERE EXISTS (SELECT 1 FROM UserAccountMaster WHERE ID = @UserId AND IsSuperUser = 1) AND (@SelectedBranchId IS NULL OR ID = @SelectedBranchId) AND (IsDeleted IS NULL OR IsDeleted = 0))) GROUP BY cm.Name ORDER BY TotalCollection DESC"
296,students/general,how much money is stuck in cheques not cleared,"BranchMaster,Branch_Academic_Details,CollectionMode_Master,FeesCollection,UserAccountMaster,UserAccountRoleDetails","admin,fees,other:rbac",,0,,0,,,,,,"SELECT ISNULL(SUM(fc.Receipt_Amt), 0) AS ChequeOutstanding FROM FeesCollection fc WHERE fc.BranchID IN (SELECT BranchID FROM UserAccountRoleDetails WHERE UserID = @UserId AND (@SelectedBranchId IS NULL OR BranchID = @SelectedBranchId) UNION SELECT ID FROM BranchMaster WHERE EXISTS (SELECT 1 FROM UserAccountMaster WHERE ID = @UserId AND IsSuperUser = 1) AND (@SelectedBranchId IS NULL OR ID = @SelectedBranchId) AND (IsDeleted IS NULL OR IsDeleted = 0)) AND fc.AcademicYearID IN (SELECT Id FROM Branch_Academic_Details WHERE GETDATE() BETWEEN Start_Date AND End_Date AND Branch_Id IN (SELECT BranchID FROM UserAccountRoleDetails WHERE UserID = @UserId AND (@SelectedBranchId IS NULL OR BranchID = @SelectedBranchId) UNION SELECT ID FROM BranchMaster WHERE EXISTS (SELECT 1 FROM UserAccountMaster WHERE ID = @UserId AND IsSuperUser = 1) AND (@SelectedBranchId IS NULL OR ID = @SelectedBranchId) AND (IsDeleted IS NULL OR IsDeleted = 0))) AND fc.Collection_Mode_ID IN (SELECT ID FROM CollectionMode_Master WHERE Name = 'Cheque') AND (fc.IsDeleted IS NULL OR fc.IsDeleted = 0) AND fc.ChequeStatus_ID = 3"
295,fees,did we collect exam fees from everyone class 10 and 12?,"BranchMaster,Branch_Academic_Details,ClassMaster,FeesCollection,UserAccountMaster,UserAccountRoleDetails","admin,fees,other:rbac,students",,0,,0,,,,,,"SELECT cm.Name AS ClassName, COUNT(DISTINCT fc.Student_ID) AS StudentsPaid FROM FeesCollection fc JOIN ClassMaster cm ON fc.Class_ID = cm.ID WHERE (fc.IsDeleted IS NULL OR fc.IsDeleted = 0) AND fc.ChequeStatus_ID NOT IN (3, 4) AND fc.BranchID IN (SELECT BranchID FROM UserAccountRoleDetails WHERE UserID = @UserId AND (@SelectedBranchId IS NULL OR BranchID = @SelectedBranchId) UNION SELECT ID FROM BranchMaster WHERE EXISTS (SELECT 1 FROM UserAccountMaster WHERE ID = @UserId AND IsSuperUser = 1) AND (@SelectedBranchId IS NULL OR ID = @SelectedBranchId) AND (IsDeleted IS NULL OR IsDeleted = 0)) AND fc.AcademicYearID IN (SELECT Id FROM Branch_Academic_Details WHERE GETDATE() BETWEEN Start_Date AND End_Date AND Branch_Id IN (SELECT BranchID FROM UserAccountRoleDetails WHERE UserID = @UserId AND (@SelectedBranchId IS NULL OR BranchID = @SelectedBranchId) UNION SELECT ID FROM BranchMaster WHERE EXISTS (SELECT 1 FROM UserAccountMaster WHERE ID = @UserId AND IsSuperUser = 1) AND (@SelectedBranchId IS NULL OR ID = @SelectedBranchId) AND (IsDeleted IS NULL OR IsDeleted = 0))) AND cm.Name IN ('X', 'Class 12') GROUP BY cm.Name ORDER BY cm.Name"
294,fees,show pending fees for hostel students,"BranchMaster,Branch_Academic_Details,ClassMaster,FeesCollection,FeesCollection_Details,StudentAcademicDetail,Student_Master,UserAccountMaster,UserAccountRoleDetails","admin,fees,other:rbac,students",,0,,0,,,,,,"SELECT sm.AdmissionNo, ISNULL(sm.FirstName, '') + ' ' + ISNULL(sm.MiddleName, '') + ' ' + ISNULL(sm.LastName, '') AS StudentName, cm.Name AS ClassName, SUM(fcd.Remaining_Amt) AS PendingAmount FROM FeesCollection_Details fcd JOIN FeesCollection fc ON fcd.Fees_Collection_ID = fc.Id JOIN Student_Master sm ON fc.Student_ID = sm.ID JOIN StudentAcademicDetail sad ON sm.ID = sad.StudentID AND fc.AcademicYearID = sad.AcademicYearID JOIN ClassMaster cm ON sad.ClassID = cm.ID WHERE fc.AcademicYearID IN (SELECT Id FROM Branch_Academic_Details WHERE GETDATE() BETWEEN Start_Date AND End_Date AND Branch_Id IN (SELECT BranchID FROM UserAccountRoleDetails WHERE UserID = @UserId AND (@SelectedBranchId IS NULL OR BranchID = @SelectedBranchId) UNION SELECT ID FROM BranchMaster WHERE EXISTS (SELECT 1 FROM UserAccountMaster WHERE ID = @UserId AND IsSuperUser = 1) AND (@SelectedBranchId IS NULL OR ID = @SelectedBranchId) AND (IsDeleted IS NULL OR IsDeleted = 0))) AND (fc.IsDeleted IS NULL OR fc.IsDeleted = 0) AND fc.ChequeStatus_ID NOT IN (3, 4) AND fcd.Remaining_Amt > 0 AND sad.HostelRequired = 1 AND sad.IsActive = 1 GROUP BY sm.AdmissionNo, sm.FirstName, sm.MiddleName, sm.LastName, cm.Name ORDER BY SUM(fcd.Remaining_Amt) DESC"
293,fees,whats the fee collection percentage for this term,"BranchMaster,Branch_Academic_Details,FeesInformationStudentDetail,TermMaster,UserAccountMaster,UserAccountRoleDetails","admin,fees,other:other,other:rbac",,0,,0,,,,,,"SELECT ROUND(SUM(f.Paid_Amt) * 100.0 / NULLIF(SUM(f.Amount), 0), 2) AS CollectionPercentage FROM FeesInformationStudentDetail f INNER JOIN TermMaster tm ON tm.ID = f.Term_ID AND GETDATE() BETWEEN tm.StartingDate AND tm.EndingDate WHERE f.IsIncludedInLumpSum <> 1 AND f.IsDonation = 0 AND f.BranchID IN (SELECT BranchID FROM UserAccountRoleDetails WHERE UserID = @UserId AND (@SelectedBranchId IS NULL OR BranchID = @SelectedBranchId) UNION SELECT ID FROM BranchMaster WHERE EXISTS (SELECT 1 FROM UserAccountMaster WHERE ID = @UserId AND IsSuperUser = 1) AND (@SelectedBranchId IS NULL OR ID = @SelectedBranchId) AND (IsDeleted IS NULL OR IsDeleted = 0)) AND f.AcademicYearID IN (SELECT Id FROM Branch_Academic_Details WHERE GETDATE() BETWEEN Start_Date AND End_Date AND Branch_Id IN (SELECT BranchID FROM UserAccountRoleDetails WHERE UserID = @UserId AND (@SelectedBranchId IS NULL OR BranchID = @SelectedBranchId) UNION SELECT ID FROM BranchMaster WHERE EXISTS (SELECT 1 FROM UserAccountMaster WHERE ID = @UserId AND IsSuperUser = 1) AND (@SelectedBranchId IS NULL OR ID = @SelectedBranchId) AND (IsDeleted IS NULL OR IsDeleted = 0)))"
290,fees,which parent has not paid since beginning of year,"BranchMaster,Branch_Academic_Details,FeesCollection,FeesCollection_Details,Student_Master,UserAccountMaster,UserAccountRoleDetails","admin,fees,other:rbac,students",,0,,0,,,,,,"SELECT sm.FirstName + ' ' + sm.LastName AS ParentName, COUNT(DISTINCT fc.Student_ID) AS StudentsNotPaid FROM FeesCollection_Details fcd INNER JOIN FeesCollection fc ON fcd.Fees_Collection_ID = fc.Id INNER JOIN Student_Master sm ON fc.Student_ID = sm.ID WHERE (fc.IsDeleted IS NULL OR fc.IsDeleted = 0) AND fc.ChequeStatus_ID NOT IN (3, 4) AND fc.BranchID IN (SELECT BranchID FROM UserAccountRoleDetails WHERE UserID = @UserId AND (@SelectedBranchId IS NULL OR BranchID = @SelectedBranchId) UNION SELECT ID FROM BranchMaster WHERE EXISTS (SELECT 1 FROM UserAccountMaster WHERE ID = @UserId AND IsSuperUser = 1) AND (@SelectedBranchId IS NULL OR ID = @SelectedBranchId) AND (IsDeleted IS NULL OR IsDeleted = 0)) AND fc.AcademicYearID IN (SELECT Id FROM Branch_Academic_Details WHERE GETDATE() BETWEEN Start_Date AND End_Date AND Branch_Id IN (SELECT BranchID FROM UserAccountRoleDetails WHERE UserID = @UserId AND (@SelectedBranchId IS NULL OR BranchID = @SelectedBranchId) UNION SELECT ID FROM BranchMaster WHERE EXISTS (SELECT 1 FROM UserAccountMaster WHERE ID = @UserId AND IsSuperUser = 1) AND (@SelectedBranchId IS NULL OR ID = @SelectedBranchId) AND (IsDeleted IS NULL OR IsDeleted = 0))) GROUP BY sm.FirstName, sm.LastName HAVING SUM(fcd.Paid_Amt) = 0"
288,fees,give me fees defaulter above 50000 rupees,"BranchMaster,Branch_Academic_Details,FeesCollection,FeesCollection_Details,Student_Master,UserAccountMaster,UserAccountRoleDetails","admin,fees,other:rbac,students",,0,,0,,,,,,"SELECT sm.FirstName + ' ' + sm.LastName AS StudentName, SUM(fcd.Remaining_Amt) AS Outstanding FROM FeesCollection_Details fcd JOIN FeesCollection fc ON fcd.Fees_Collection_ID = fc.Id JOIN Student_Master sm ON fc.Student_ID = sm.ID WHERE fc.AcademicYearID IN (SELECT Id FROM Branch_Academic_Details WHERE GETDATE() BETWEEN Start_Date AND End_Date AND Branch_Id IN (SELECT BranchID FROM UserAccountRoleDetails WHERE UserID = @UserId AND (@SelectedBranchId IS NULL OR BranchID = @SelectedBranchId) UNION SELECT ID FROM BranchMaster WHERE EXISTS (SELECT 1 FROM UserAccountMaster WHERE ID = @UserId AND IsSuperUser = 1) AND (@SelectedBranchId IS NULL OR ID = @SelectedBranchId) AND (IsDeleted IS NULL OR IsDeleted = 0))) AND (fc.IsDeleted IS NULL OR fc.IsDeleted = 0) AND fc.ChequeStatus_ID NOT IN (3, 4) AND fcd.Remaining_Amt > 0 GROUP BY sm.FirstName, sm.LastName HAVING SUM(fcd.Remaining_Amt) > 50000 ORDER BY Outstanding DESC"
287,fees,what is average fee per student in class 12,"BranchMaster,Branch_Academic_Details,ClassMaster,FeesCollection,FeesCollection_Details,UserAccountMaster,UserAccountRoleDetails","admin,fees,other:rbac,students",,0,,0,,,,,,"SELECT AVG(fcd.Fees_Amount) AS AvgFeePerStudent FROM FeesCollection_Details fcd INNER JOIN FeesCollection fc ON fcd.Fees_Collection_ID = fc.Id INNER JOIN ClassMaster cm ON fc.Class_ID = cm.ID WHERE cm.Name IN ('Class 12', 'XII') AND fc.AcademicYearID IN (SELECT Id FROM Branch_Academic_Details WHERE GETDATE() BETWEEN Start_Date AND End_Date AND Branch_Id IN (SELECT BranchID FROM UserAccountRoleDetails WHERE UserID = @UserId AND (@SelectedBranchId IS NULL OR BranchID = @SelectedBranchId) UNION SELECT ID FROM BranchMaster WHERE EXISTS (SELECT 1 FROM UserAccountMaster WHERE ID = @UserId AND IsSuperUser = 1) AND (@SelectedBranchId IS NULL OR ID = @SelectedBranchId) AND (IsDeleted IS NULL OR IsDeleted = 0))) AND (fc.IsDeleted IS NULL OR fc.IsDeleted = 0) AND fc.ChequeStatus_ID NOT IN (3, 4) AND fc.BranchID IN (SELECT BranchID FROM UserAccountRoleDetails WHERE UserID = @UserId AND (@SelectedBranchId IS NULL OR BranchID = @SelectedBranchId) UNION SELECT ID FROM BranchMaster WHERE EXISTS (SELECT 1 FROM UserAccountMaster WHERE ID = @UserId AND IsSuperUser = 1) AND (@SelectedBranchId IS NULL OR ID = @SelectedBranchId) AND (IsDeleted IS NULL OR IsDeleted = 0))"
285,fees,students whose fees is pending more than 3 months,"BranchMaster,Branch_Academic_Details,ClassMaster,FeesCollection,FeesCollection_Details,StudentAcademicDetail,Student_Master,UserAccountMaster,UserAccountRoleDetails","admin,fees,other:rbac,students",,0,,0,,,,,,"SELECT sm.AdmissionNo, ISNULL(sm.FirstName, '') + ' ' + ISNULL(sm.MiddleName, '') + ' ' + ISNULL(sm.LastName, '') AS StudentName, cm.Name AS ClassName, SUM(fcd.Remaining_Amt) AS Outstanding FROM FeesCollection_Details fcd JOIN FeesCollection fc ON fcd.Fees_Collection_ID = fc.Id JOIN Student_Master sm ON fc.Student_ID = sm.ID JOIN StudentAcademicDetail sad ON sm.ID = sad.StudentID AND fc.AcademicYearID = sad.AcademicYearID JOIN ClassMaster cm ON sad.ClassID = cm.ID WHERE fc.AcademicYearID IN (SELECT Id FROM Branch_Academic_Details WHERE GETDATE() BETWEEN Start_Date AND End_Date AND Branch_Id IN (SELECT BranchID FROM UserAccountRoleDetails WHERE UserID = @UserId AND (@SelectedBranchId IS NULL OR BranchID = @SelectedBranchId) UNION SELECT ID FROM BranchMaster WHERE EXISTS (SELECT 1 FROM UserAccountMaster WHERE ID = @UserId AND IsSuperUser = 1) AND (@SelectedBranchId IS NULL OR ID = @SelectedBranchId) AND (IsDeleted IS NULL OR IsDeleted = 0))) AND (fc.IsDeleted IS NULL OR fc.IsDeleted = 0) AND fc.ChequeStatus_ID NOT IN (3, 4) AND fcd.Remaining_Amt > 0 AND sad.IsActive = 1 GROUP BY sm.AdmissionNo, sm.FirstName, sm.MiddleName, sm.LastName, cm.Name HAVING SUM(fcd.Remaining_Amt) > 3 * 30 ORDER BY Outstanding DESC"
284,fees,any late fee fine collected? how much,"BranchMaster,Branch_Academic_Details,FeesCollection,FeesCollection_Details,UserAccountMaster,UserAccountRoleDetails","admin,fees,other:rbac",,0,,0,,,,,,"SELECT SUM(fcd.LateFeeAmount) AS TotalLateFeeCollected FROM FeesCollection_Details fcd JOIN FeesCollection fc ON fcd.Fees_Collection_ID = fc.Id WHERE fc.BranchID IN (SELECT BranchID FROM UserAccountRoleDetails WHERE UserID = @UserId AND (@SelectedBranchId IS NULL OR BranchID = @SelectedBranchId) UNION SELECT ID FROM BranchMaster WHERE EXISTS (SELECT 1 FROM UserAccountMaster WHERE ID = @UserId AND IsSuperUser = 1) AND (@SelectedBranchId IS NULL OR ID = @SelectedBranchId) AND (IsDeleted IS NULL OR IsDeleted = 0)) AND fc.AcademicYearID IN (SELECT Id FROM Branch_Academic_Details WHERE GETDATE() BETWEEN Start_Date AND End_Date AND Branch_Id IN (SELECT BranchID FROM UserAccountRoleDetails WHERE UserID = @UserId AND (@SelectedBranchId IS NULL OR BranchID = @SelectedBranchId) UNION SELECT ID FROM BranchMaster WHERE EXISTS (SELECT 1 FROM UserAccountMaster WHERE ID = @UserId AND IsSuperUser = 1) AND (@SelectedBranchId IS NULL OR ID = @SelectedBranchId) AND (IsDeleted IS NULL OR IsDeleted = 0))) AND fcd.LateFeeAmount > 0 AND (fc.IsDeleted IS NULL OR fc.IsDeleted = 0) AND fc.ChequeStatus_ID NOT IN (3, 4)"
283,fees,tell me the total fee that should come vs what came actually,"BranchMaster,Branch_Academic_Details,FeesInformationStudentDetail,StudentAcademicDetail,UserAccountMaster,UserAccountRoleDetails","admin,fees,other:rbac,students",,0,,0,,,,,,"SELECT SUM(f.Amount) AS TotalDemand, SUM(f.Paid_Amt) AS TotalCollected FROM FeesInformationStudentDetail f INNER JOIN StudentAcademicDetail sa ON f.Student_ID = sa.StudentID AND f.ClassID = sa.ClassID WHERE f.IsIncludedInLumpSum <> 1 AND f.IsDonation = 0 AND f.BranchID IN (SELECT BranchID FROM UserAccountRoleDetails WHERE UserID = @UserId AND (@SelectedBranchId IS NULL OR BranchID = @SelectedBranchId) UNION SELECT ID FROM BranchMaster WHERE EXISTS (SELECT 1 FROM UserAccountMaster WHERE ID = @UserId AND IsSuperUser = 1) AND (@SelectedBranchId IS NULL OR ID = @SelectedBranchId) AND (IsDeleted IS NULL OR IsDeleted = 0)) AND f.AcademicYearID IN (SELECT Id FROM Branch_Academic_Details WHERE GETDATE() BETWEEN Start_Date AND End_Date AND Branch_Id IN (SELECT BranchID FROM UserAccountRoleDetails WHERE UserID = @UserId AND (@SelectedBranchId IS NULL OR BranchID = @SelectedBranchId) UNION SELECT ID FROM BranchMaster WHERE EXISTS (SELECT 1 FROM UserAccountMaster WHERE ID = @UserId AND IsSuperUser = 1) AND (@SelectedBranchId IS NULL OR ID = @SelectedBranchId) AND (IsDeleted IS NULL OR IsDeleted = 0))) AND sa.IsActive = 1 AND (sa.IsTCIssued = 0 OR sa.IsTCIssued IS NULL)"
281,students/general,how many partial payments this month,"BranchMaster,FeesCollection,FeesCollection_Details,UserAccountMaster,UserAccountRoleDetails","admin,fees,other:rbac",,0,,0,,,,,,"SELECT COUNT(DISTINCT fc.Student_ID) AS PartialPayments FROM FeesCollection_Details fcd INNER JOIN FeesCollection fc ON fcd.Fees_Collection_ID = fc.Id WHERE fcd.Remaining_Amt > 0 AND DATEPART(MONTH, fc.Bill_Date) = DATEPART(MONTH, GETDATE()) AND DATEPART(YEAR, fc.Bill_Date) = DATEPART(YEAR, GETDATE()) AND (fc.IsDeleted IS NULL OR fc.IsDeleted = 0) AND fc.ChequeStatus_ID NOT IN (3, 4) AND fc.BranchID IN (SELECT BranchID FROM UserAccountRoleDetails WHERE UserID = @UserId AND (@SelectedBranchId IS NULL OR BranchID = @SelectedBranchId) UNION SELECT ID FROM BranchMaster WHERE EXISTS (SELECT 1 FROM UserAccountMaster WHERE ID = @UserId AND IsSuperUser = 1) AND (@SelectedBranchId IS NULL OR ID = @SelectedBranchId) AND (IsDeleted IS NULL OR IsDeleted = 0))"
280,fees,class wise fee pending summary chahiye,"BranchMaster,Branch_Academic_Details,FeesInformationStudentDetail,StudentAcademicDetail,UserAccountMaster,UserAccountRoleDetails","admin,fees,other:rbac,students",,0,,0,,,,,,"SELECT f.ClassName, SUM((f.Amount - ISNULL(f.Concession_Amt, 0) - ISNULL(f.Paid_Amt, 0) - ISNULL(f.Lien_Amount, 0))) AS Outstanding FROM FeesInformationStudentDetail f INNER JOIN StudentAcademicDetail sa ON f.Student_ID = sa.StudentID AND f.ClassID = sa.ClassID WHERE f.IsIncludedInLumpSum <> 1 AND f.IsDonation = 0 AND f.BranchID IN (SELECT BranchID FROM UserAccountRoleDetails WHERE UserID = @UserId AND (@SelectedBranchId IS NULL OR BranchID = @SelectedBranchId) UNION SELECT ID FROM BranchMaster WHERE EXISTS (SELECT 1 FROM UserAccountMaster WHERE ID = @UserId AND IsSuperUser = 1) AND (@SelectedBranchId IS NULL OR ID = @SelectedBranchId) AND (IsDeleted IS NULL OR IsDeleted = 0)) AND f.AcademicYearID IN (SELECT Id FROM Branch_Academic_Details WHERE GETDATE() BETWEEN Start_Date AND End_Date AND Branch_Id IN (SELECT BranchID FROM UserAccountRoleDetails WHERE UserID = @UserId AND (@SelectedBranchId IS NULL OR BranchID = @SelectedBranchId) UNION SELECT ID FROM BranchMaster WHERE EXISTS (SELECT 1 FROM UserAccountMaster WHERE ID = @UserId AND IsSuperUser = 1) AND (@SelectedBranchId IS NULL OR ID = @SelectedBranchId) AND (IsDeleted IS NULL OR IsDeleted = 0))) AND sa.IsActive = 1 AND (sa.IsTCIssued = 0 OR sa.IsTCIssued IS NULL) GROUP BY f.ClassName ORDER BY Outstanding DESC"
279,fees,collection trend last 6 months bata do,"BranchMaster,Branch_Academic_Details,FeesCollection,UserAccountMaster,UserAccountRoleDetails","admin,fees,other:rbac",,0,,0,,,,,,"SELECT MONTH(fc.Bill_Date) AS MonthNo, DATENAME(MONTH, fc.Bill_Date) AS MonthName, SUM(fc.Receipt_Amt) AS TotalCollection FROM FeesCollection fc WHERE fc.BranchID IN (SELECT BranchID FROM UserAccountRoleDetails WHERE UserID = @UserId AND (@SelectedBranchId IS NULL OR BranchID = @SelectedBranchId) UNION SELECT ID FROM BranchMaster WHERE EXISTS (SELECT 1 FROM UserAccountMaster WHERE ID = @UserId AND IsSuperUser = 1) AND (@SelectedBranchId IS NULL OR ID = @SelectedBranchId) AND (IsDeleted IS NULL OR IsDeleted = 0)) AND fc.AcademicYearID IN (SELECT Id FROM Branch_Academic_Details WHERE GETDATE() BETWEEN Start_Date AND End_Date AND Branch_Id IN (SELECT BranchID FROM UserAccountRoleDetails WHERE UserID = @UserId AND (@SelectedBranchId IS NULL OR BranchID = @SelectedBranchId) UNION SELECT ID FROM BranchMaster WHERE EXISTS (SELECT 1 FROM UserAccountMaster WHERE ID = @UserId AND IsSuperUser = 1) AND (@SelectedBranchId IS NULL OR ID = @SelectedBranchId) AND (IsDeleted IS NULL OR IsDeleted = 0))) AND MONTH(fc.Bill_Date) >= MONTH(DATEADD(MONTH, -6, GETDATE())) AND YEAR(fc.Bill_Date) = YEAR(GETDATE()) AND (fc.IsDeleted IS NULL OR fc.IsDeleted = 0) AND fc.ChequeStatus_ID NOT IN (3, 4) GROUP BY MONTH(fc.Bill_Date), DATENAME(MONTH, fc.Bill_Date) ORDER BY MonthNo"
276,students/general,give defaulter list with parent phone number so i can call,"BranchMaster,Branch_Academic_Details,ClassMaster,FeesCollection,FeesCollection_Details,SectionMaster,StudentAcademicDetail,Student_Master,UserAccountMaster,UserAccountRoleDetails","admin,fees,other:rbac,students",,0,,0,,,,,,"SELECT sm.AdmissionNo, ISNULL(sm.FirstName, '') + ' ' + ISNULL(sm.MiddleName, '') + ' ' + ISNULL(sm.LastName, '') AS StudentName, cm.Name AS ClassName, SUM(fcd.Remaining_Amt) AS Outstanding, secm.Name AS SectionName FROM FeesCollection_Details fcd INNER JOIN FeesCollection fc ON fcd.Fees_Collection_ID = fc.Id INNER JOIN Student_Master sm ON fc.Student_ID = sm.ID INNER JOIN StudentAcademicDetail sad ON sm.ID = sad.StudentID AND fc.AcademicYearID = sad.AcademicYearID INNER JOIN ClassMaster cm ON sad.ClassID = cm.ID JOIN SectionMaster secm ON sad.SectionID = secm.ID WHERE fc.AcademicYearID IN (SELECT Id FROM Branch_Academic_Details WHERE GETDATE() BETWEEN Start_Date AND End_Date AND Branch_Id IN (SELECT BranchID FROM UserAccountRoleDetails WHERE UserID = @UserId AND (@SelectedBranchId IS NULL OR BranchID = @SelectedBranchId) UNION SELECT ID FROM BranchMaster WHERE EXISTS (SELECT 1 FROM UserAccountMaster WHERE ID = @UserId AND IsSuperUser = 1) AND (@SelectedBranchId IS NULL OR ID = @SelectedBranchId) AND (IsDeleted IS NULL OR IsDeleted = 0))) AND (fc.IsDeleted IS NULL OR fc.IsDeleted = 0) AND fc.ChequeStatus_ID NOT IN (3, 4) AND fcd.Remaining_Amt > 0 AND sad.IsActive = 1 GROUP BY sm.AdmissionNo, sm.FirstName, sm.MiddleName, sm.LastName, cm.Name, secm.Name ORDER BY Outstanding DESC"
275,students/general,which students cheque bounced?,"BranchMaster,Branch_Academic_Details,FeesCollection,Student_Master,UserAccountMaster,UserAccountRoleDetails","admin,fees,other:rbac,students",,0,,0,,,,,,"SELECT fc.Bill_No, ISNULL(sm.FirstName, '') + ' ' + ISNULL(sm.MiddleName, '') + ' ' + ISNULL(sm.LastName, '') AS StudentName, fc.Receipt_Amt, fc.Bill_Date FROM FeesCollection fc INNER JOIN Student_Master sm ON fc.Student_ID = sm.ID WHERE fc.BranchID IN (SELECT BranchID FROM UserAccountRoleDetails WHERE UserID = @UserId AND (@SelectedBranchId IS NULL OR BranchID = @SelectedBranchId) UNION SELECT ID FROM BranchMaster WHERE EXISTS (SELECT 1 FROM UserAccountMaster WHERE ID = @UserId AND IsSuperUser = 1) AND (@SelectedBranchId IS NULL OR ID = @SelectedBranchId) AND (IsDeleted IS NULL OR IsDeleted = 0)) AND fc.AcademicYearID IN (SELECT Id FROM Branch_Academic_Details WHERE GETDATE() BETWEEN Start_Date AND End_Date AND Branch_Id IN (SELECT BranchID FROM UserAccountRoleDetails WHERE UserID = @UserId AND (@SelectedBranchId IS NULL OR BranchID = @SelectedBranchId) UNION SELECT ID FROM BranchMaster WHERE EXISTS (SELECT 1 FROM UserAccountMaster WHERE ID = @UserId AND IsSuperUser = 1) AND (@SelectedBranchId IS NULL OR ID = @SelectedBranchId) AND (IsDeleted IS NULL OR IsDeleted = 0))) AND fc.ChequeStatus_ID = 3"
274,fees,total outstanding of last academic year still pending or not,"BranchMaster,Branch_Academic_Details,FeesInformationStudentDetail,UserAccountMaster,UserAccountRoleDetails","admin,fees,other:rbac",,0,,0,,,,,,"SELECT SUM((f.Amount - ISNULL(f.Concession_Amt, 0) - ISNULL(f.Paid_Amt, 0) - ISNULL(f.Lien_Amount, 0))) AS LastYearOutstanding FROM FeesInformationStudentDetail f WHERE f.IsIncludedInLumpSum <> 1 AND f.IsDonation = 0 AND f.BranchID IN (SELECT BranchID FROM UserAccountRoleDetails WHERE UserID = @UserId AND (@SelectedBranchId IS NULL OR BranchID = @SelectedBranchId) UNION SELECT ID FROM BranchMaster WHERE EXISTS (SELECT 1 FROM UserAccountMaster WHERE ID = @UserId AND IsSuperUser = 1) AND (@SelectedBranchId IS NULL OR ID = @SelectedBranchId) AND (IsDeleted IS NULL OR IsDeleted = 0)) AND f.AcademicYearID IN (SELECT PreviousYearID FROM Branch_Academic_Details WHERE GETDATE() BETWEEN Start_Date AND End_Date AND Branch_Id IN (SELECT BranchID FROM UserAccountRoleDetails WHERE UserID = @UserId AND (@SelectedBranchId IS NULL OR BranchID = @SelectedBranchId) UNION SELECT ID FROM BranchMaster WHERE EXISTS (SELECT 1 FROM UserAccountMaster WHERE ID = @UserId AND IsSuperUser = 1) AND (@SelectedBranchId IS NULL OR ID = @SelectedBranchId) AND (IsDeleted IS NULL OR IsDeleted = 0)))"
273,fees,how many students taken fee concession this year?,"BranchMaster,Branch_Academic_Details,FeesCollection,FeesCollection_Details,UserAccountMaster,UserAccountRoleDetails","admin,fees,other:rbac",,0,,0,,,,,,"SELECT COUNT(DISTINCT fc.Student_ID) AS StudentsWithConcession FROM FeesCollection_Details fcd INNER JOIN FeesCollection fc ON fcd.Fees_Collection_ID = fc.Id WHERE fcd.Concession_Amount > 0 AND fc.AcademicYearID IN (SELECT Id FROM Branch_Academic_Details WHERE GETDATE() BETWEEN Start_Date AND End_Date AND Branch_Id IN (SELECT BranchID FROM UserAccountRoleDetails WHERE UserID = @UserId AND (@SelectedBranchId IS NULL OR BranchID = @SelectedBranchId) UNION SELECT ID FROM BranchMaster WHERE EXISTS (SELECT 1 FROM UserAccountMaster WHERE ID = @UserId AND IsSuperUser = 1) AND (@SelectedBranchId IS NULL OR ID = @SelectedBranchId) AND (IsDeleted IS NULL OR IsDeleted = 0))) AND (fc.IsDeleted IS NULL OR fc.IsDeleted = 0) AND fc.ChequeStatus_ID NOT IN (3, 4) AND fc.BranchID IN (SELECT BranchID FROM UserAccountRoleDetails WHERE UserID = @UserId AND (@SelectedBranchId IS NULL OR BranchID = @SelectedBranchId) UNION SELECT ID FROM BranchMaster WHERE EXISTS (SELECT 1 FROM UserAccountMaster WHERE ID = @UserId AND IsSuperUser = 1) AND (@SelectedBranchId IS NULL OR ID = @SelectedBranchId) AND (IsDeleted IS NULL OR IsDeleted = 0))"
271,fees,fee due of class 10 students?,"BranchMaster,Branch_Academic_Details,FeesInformationStudentDetail,StudentAcademicDetail,UserAccountMaster,UserAccountRoleDetails","admin,fees,other:rbac,students",,0,,0,,,,,,"SELECT SUM(f.Amount - ISNULL(f.Concession_Amt, 0) - ISNULL(f.Paid_Amt, 0) - ISNULL(f.Lien_Amount, 0)) AS Due FROM FeesInformationStudentDetail f INNER JOIN StudentAcademicDetail sa ON f.Student_ID = sa.StudentID AND f.ClassID = sa.ClassID WHERE f.IsIncludedInLumpSum <> 1 AND f.IsDonation = 0 AND f.BranchID IN (SELECT BranchID FROM UserAccountRoleDetails WHERE UserID = @UserId AND (@SelectedBranchId IS NULL OR BranchID = @SelectedBranchId) UNION SELECT ID FROM BranchMaster WHERE EXISTS (SELECT 1 FROM UserAccountMaster WHERE ID = @UserId AND IsSuperUser = 1) AND (@SelectedBranchId IS NULL OR ID = @SelectedBranchId) AND (IsDeleted IS NULL OR IsDeleted = 0)) AND f.AcademicYearID IN (SELECT Id FROM Branch_Academic_Details WHERE GETDATE() BETWEEN Start_Date AND End_Date AND Branch_Id IN (SELECT BranchID FROM UserAccountRoleDetails WHERE UserID = @UserId AND (@SelectedBranchId IS NULL OR BranchID = @SelectedBranchId) UNION SELECT ID FROM BranchMaster WHERE EXISTS (SELECT 1 FROM UserAccountMaster WHERE ID = @UserId AND IsSuperUser = 1) AND (@SelectedBranchId IS NULL OR ID = @SelectedBranchId) AND (IsDeleted IS NULL OR IsDeleted = 0))) AND f.ClassName = 'Class 10' AND sa.IsActive = 1 AND (sa.IsTCIssued = 0 OR sa.IsTCIssued IS NULL)"
270,students/general,show me top 10 defaulters by amount,"BranchMaster,Branch_Academic_Details,FeesInformationStudentDetail,StudentAcademicDetail,Student_Master,UserAccountMaster,UserAccountRoleDetails","admin,fees,other:rbac,students",,0,,0,,,,,,"SELECT TOP 10 f.Student_ID, s.FirstName + ' ' + ISNULL(s.LastName, '') AS StudentName, SUM(f.Amount - ISNULL(f.Concession_Amt, 0) - ISNULL(f.Paid_Amt, 0) - ISNULL(f.Lien_Amount, 0)) AS Outstanding FROM FeesInformationStudentDetail f INNER JOIN StudentAcademicDetail sa ON f.Student_ID = sa.StudentID AND f.ClassID = sa.ClassID INNER JOIN Student_Master s ON f.Student_ID = s.ID WHERE f.IsIncludedInLumpSum <> 1 AND f.IsDonation = 0 AND f.BranchID IN (SELECT BranchID FROM UserAccountRoleDetails WHERE UserID = @UserId AND (@SelectedBranchId IS NULL OR BranchID = @SelectedBranchId) UNION SELECT ID FROM BranchMaster WHERE EXISTS (SELECT 1 FROM UserAccountMaster WHERE ID = @UserId AND IsSuperUser = 1) AND (@SelectedBranchId IS NULL OR ID = @SelectedBranchId) AND (IsDeleted IS NULL OR IsDeleted = 0)) AND f.AcademicYearID IN (SELECT Id FROM Branch_Academic_Details WHERE GETDATE() BETWEEN Start_Date AND End_Date AND Branch_Id IN (SELECT BranchID FROM UserAccountRoleDetails WHERE UserID = @UserId AND (@SelectedBranchId IS NULL OR BranchID = @SelectedBranchId) UNION SELECT ID FROM BranchMaster WHERE EXISTS (SELECT 1 FROM UserAccountMaster WHERE ID = @UserId AND IsSuperUser = 1) AND (@SelectedBranchId IS NULL OR ID = @SelectedBranchId) AND (IsDeleted IS NULL OR IsDeleted = 0))) AND sa.IsActive = 1 AND (sa.IsTCIssued = 0 OR sa.IsTCIssued IS NULL) GROUP BY f.Student_ID, s.FirstName, s.LastName ORDER BY Outstanding DESC"
268,students/general,how much we collected in cash vs online?,"BranchMaster,Branch_Academic_Details,CollectionMode_Master,FeesCollection,UserAccountMaster,UserAccountRoleDetails","admin,fees,other:rbac",,0,,0,,,,,,"SELECT cmm.Name AS PaymentMode, SUM(fc.Receipt_Amt) AS TotalAmount FROM FeesCollection fc LEFT JOIN CollectionMode_Master cmm ON fc.Collection_Mode_ID = cmm.ID WHERE (fc.IsDeleted IS NULL OR fc.IsDeleted = 0) AND fc.ChequeStatus_ID NOT IN (3, 4) AND fc.BranchID IN (SELECT BranchID FROM UserAccountRoleDetails WHERE UserID = @UserId AND (@SelectedBranchId IS NULL OR BranchID = @SelectedBranchId) UNION SELECT ID FROM BranchMaster WHERE EXISTS (SELECT 1 FROM UserAccountMaster WHERE ID = @UserId AND IsSuperUser = 1) AND (@SelectedBranchId IS NULL OR ID = @SelectedBranchId) AND (IsDeleted IS NULL OR IsDeleted = 0)) AND fc.AcademicYearID IN (SELECT Id FROM Branch_Academic_Details WHERE GETDATE() BETWEEN Start_Date AND End_Date AND Branch_Id IN (SELECT BranchID FROM UserAccountRoleDetails WHERE UserID = @UserId AND (@SelectedBranchId IS NULL OR BranchID = @SelectedBranchId) UNION SELECT ID FROM BranchMaster WHERE EXISTS (SELECT 1 FROM UserAccountMaster WHERE ID = @UserId AND IsSuperUser = 1) AND (@SelectedBranchId IS NULL OR ID = @SelectedBranchId) AND (IsDeleted IS NULL OR IsDeleted = 0))) GROUP BY cmm.Name"
265,fees,which class has most fee defaulters tell me,"BranchMaster,Branch_Academic_Details,ClassMaster,FeesCollection,FeesCollection_Details,UserAccountMaster,UserAccountRoleDetails","admin,fees,other:rbac,students",,0,,0,,,,,,"SELECT TOP 1 cm.Name AS ClassName, COUNT(DISTINCT fc.Student_ID) AS DefaulterCount FROM FeesCollection_Details fcd INNER JOIN FeesCollection fc ON fcd.Fees_Collection_ID = fc.Id INNER JOIN ClassMaster cm ON fc.Class_ID = cm.ID WHERE fcd.Remaining_Amt > 0 AND (fc.IsDeleted IS NULL OR fc.IsDeleted = 0) AND fc.ChequeStatus_ID NOT IN (3, 4) AND fc.AcademicYearID IN (SELECT Id FROM Branch_Academic_Details WHERE GETDATE() BETWEEN Start_Date AND End_Date AND Branch_Id IN (SELECT BranchID FROM UserAccountRoleDetails WHERE UserID = @UserId AND (@SelectedBranchId IS NULL OR BranchID = @SelectedBranchId) UNION SELECT ID FROM BranchMaster WHERE EXISTS (SELECT 1 FROM UserAccountMaster WHERE ID = @UserId AND IsSuperUser = 1) AND (@SelectedBranchId IS NULL OR ID = @SelectedBranchId) AND (IsDeleted IS NULL OR IsDeleted = 0))) AND fc.BranchID IN (SELECT BranchID FROM UserAccountRoleDetails WHERE UserID = @UserId AND (@SelectedBranchId IS NULL OR BranchID = @SelectedBranchId) UNION SELECT ID FROM BranchMaster WHERE EXISTS (SELECT 1 FROM UserAccountMaster WHERE ID = @UserId AND IsSuperUser = 1) AND (@SelectedBranchId IS NULL OR ID = @SelectedBranchId) AND (IsDeleted IS NULL OR IsDeleted = 0)) GROUP BY cm.Name ORDER BY DefaulterCount DESC"
264,fees,how much fees is pending till now total?,"BranchMaster,Branch_Academic_Details,FeesInformationStudentDetail,UserAccountMaster,UserAccountRoleDetails","admin,fees,other:rbac",,0,,0,,,,,,"SELECT ISNULL(SUM((f.Amount - ISNULL(f.Concession_Amt, 0) - ISNULL(f.Paid_Amt, 0))), 0) AS TotalPending FROM FeesInformationStudentDetail f WHERE f.IsIncludedInLumpSum <> 1 AND f.IsDonation = 0 AND f.BranchID IN (SELECT BranchID FROM UserAccountRoleDetails WHERE UserID = @UserId AND (@SelectedBranchId IS NULL OR BranchID = @SelectedBranchId) UNION SELECT ID FROM BranchMaster WHERE EXISTS (SELECT 1 FROM UserAccountMaster WHERE ID = @UserId AND IsSuperUser = 1) AND (@SelectedBranchId IS NULL OR ID = @SelectedBranchId) AND (IsDeleted IS NULL OR IsDeleted = 0)) AND f.AcademicYearID IN (SELECT Id FROM Branch_Academic_Details WHERE GETDATE() BETWEEN Start_Date AND End_Date AND Branch_Id IN (SELECT BranchID FROM UserAccountRoleDetails WHERE UserID = @UserId AND (@SelectedBranchId IS NULL OR BranchID = @SelectedBranchId) UNION SELECT ID FROM BranchMaster WHERE EXISTS (SELECT 1 FROM UserAccountMaster WHERE ID = @UserId AND IsSuperUser = 1) AND (@SelectedBranchId IS NULL OR ID = @SelectedBranchId) AND (IsDeleted IS NULL OR IsDeleted = 0)))"
263,fees,What is the month-on-month trend in fee collection over the last 6 months?,"BranchMaster,Branch_Academic_Details,FeesCollection,UserAccountMaster,UserAccountRoleDetails","admin,fees,other:rbac",,0,,0,,,,,,"SELECT FORMAT(fc.Bill_Date, 'MM-yyyy') AS Month, SUM(fc.Receipt_Amt) AS TotalCollection FROM FeesCollection fc WHERE (fc.IsDeleted IS NULL OR fc.IsDeleted = 0) AND fc.ChequeStatus_ID NOT IN (3, 4) AND fc.BranchID IN (SELECT BranchID FROM UserAccountRoleDetails WHERE UserID = @UserId AND (@SelectedBranchId IS NULL OR BranchID = @SelectedBranchId) UNION SELECT ID FROM BranchMaster WHERE EXISTS (SELECT 1 FROM UserAccountMaster WHERE ID = @UserId AND IsSuperUser = 1) AND (@SelectedBranchId IS NULL OR ID = @SelectedBranchId) AND (IsDeleted IS NULL OR IsDeleted = 0)) AND fc.AcademicYearID IN (SELECT Id FROM Branch_Academic_Details WHERE GETDATE() BETWEEN Start_Date AND End_Date AND Branch_Id IN (SELECT BranchID FROM UserAccountRoleDetails WHERE UserID = @UserId AND (@SelectedBranchId IS NULL OR BranchID = @SelectedBranchId) UNION SELECT ID FROM BranchMaster WHERE EXISTS (SELECT 1 FROM UserAccountMaster WHERE ID = @UserId AND IsSuperUser = 1) AND (@SelectedBranchId IS NULL OR ID = @SelectedBranchId) AND (IsDeleted IS NULL OR IsDeleted = 0))) GROUP BY FORMAT(fc.Bill_Date, 'MM-yyyy') ORDER BY Month DESC"
262,fees,What is the total outstanding pending fee amount across the entire school?,"BranchMaster,Branch_Academic_Details,FeesInformationStudentDetail,UserAccountMaster,UserAccountRoleDetails","admin,fees,other:rbac",,0,,0,,,,,,"SELECT SUM(Amount - ISNULL(Concession_Amt, 0) - ISNULL(Paid_Amt, 0) - ISNULL(Lien_Amount, 0)) AS TotalOutstanding FROM FeesInformationStudentDetail WHERE IsIncludedInLumpSum <> 1 AND IsDonation = 0 AND AcademicYearID IN (SELECT Id FROM Branch_Academic_Details WHERE GETDATE() BETWEEN Start_Date AND End_Date AND Branch_Id IN (SELECT BranchID FROM UserAccountRoleDetails WHERE UserID = @UserId AND (@SelectedBranchId IS NULL OR BranchID = @SelectedBranchId) UNION SELECT ID FROM BranchMaster WHERE EXISTS (SELECT 1 FROM UserAccountMaster WHERE ID = @UserId AND IsSuperUser = 1) AND (@SelectedBranchId IS NULL OR ID = @SelectedBranchId) AND (IsDeleted IS NULL OR IsDeleted = 0))) AND BranchID IN (SELECT BranchID FROM UserAccountRoleDetails WHERE UserID = @UserId AND (@SelectedBranchId IS NULL OR BranchID = @SelectedBranchId) UNION SELECT ID FROM BranchMaster WHERE EXISTS (SELECT 1 FROM UserAccountMaster WHERE ID = @UserId AND IsSuperUser = 1) AND (@SelectedBranchId IS NULL OR ID = @SelectedBranchId) AND (IsDeleted IS NULL OR IsDeleted = 0))"
261,fees,Which class or section has the highest number of fee defaulters right now?,"BranchMaster,Branch_Academic_Details,ClassMaster,FeesCollection,FeesCollection_Details,SectionMaster,UserAccountMaster,UserAccountRoleDetails","admin,fees,other:rbac,students",,0,,0,,,,,,"SELECT TOP 1 cm.Name AS ClassName, secm.Name AS SectionName, COUNT(DISTINCT fc.Student_ID) AS DefaulterCount FROM FeesCollection_Details fcd INNER JOIN FeesCollection fc ON fcd.Fees_Collection_ID = fc.Id INNER JOIN ClassMaster cm ON fc.Class_ID = cm.ID INNER JOIN SectionMaster secm ON fc.Section_ID = secm.ID WHERE (fc.IsDeleted IS NULL OR fc.IsDeleted = 0) AND fc.ChequeStatus_ID NOT IN (3, 4) AND fcd.Remaining_Amt > 0 AND fcd.AcademicYearID IN (SELECT Id FROM Branch_Academic_Details WHERE GETDATE() BETWEEN Start_Date AND End_Date AND Branch_Id IN (SELECT BranchID FROM UserAccountRoleDetails WHERE UserID = @UserId AND (@SelectedBranchId IS NULL OR BranchID = @SelectedBranchId) UNION SELECT ID FROM BranchMaster WHERE EXISTS (SELECT 1 FROM UserAccountMaster WHERE ID = @UserId AND IsSuperUser = 1) AND (@SelectedBranchId IS NULL OR ID = @SelectedBranchId) AND (IsDeleted IS NULL OR IsDeleted = 0))) AND fcd.BranchID IN (SELECT BranchID FROM UserAccountRoleDetails WHERE UserID = @UserId AND (@SelectedBranchId IS NULL OR BranchID = @SelectedBranchId) UNION SELECT ID FROM BranchMaster WHERE EXISTS (SELECT 1 FROM UserAccountMaster WHERE ID = @UserId AND IsSuperUser = 1) AND (@SelectedBranchId IS NULL OR ID = @SelectedBranchId) AND (IsDeleted IS NULL OR IsDeleted = 0)) GROUP BY cm.Name, secm.Name ORDER BY DefaulterCount DESC"
260,fees,What is the total fee collection percentage for the current academic quarter?,"BranchMaster,FeesCollection,FeesCollection_Details,UserAccountMaster,UserAccountRoleDetails","admin,fees,other:rbac",,1,FEE-007:Fee query omits AcademicYearID filter (returns all-time data).,0,,,,,,"SELECT CAST(SUM(fcd.Paid_Amt) * 100.0 / NULLIF(SUM(fcd.Fees_Amount), 0) AS DECIMAL(5,2)) AS QuarterCollectionPercent FROM FeesCollection_Details fcd JOIN FeesCollection fc ON fcd.Fees_Collection_ID = fc.Id WHERE (fc.IsDeleted IS NULL OR fc.IsDeleted = 0) AND fc.ChequeStatus_ID NOT IN (3, 4) AND DATEPART(QUARTER, fc.Bill_Date) = DATEPART(QUARTER, GETDATE()) AND YEAR(fc.Bill_Date) = YEAR(GETDATE()) AND fc.BranchID IN (SELECT BranchID FROM UserAccountRoleDetails WHERE UserID = @UserId AND (@SelectedBranchId IS NULL OR BranchID = @SelectedBranchId) UNION SELECT ID FROM BranchMaster WHERE EXISTS (SELECT 1 FROM UserAccountMaster WHERE ID = @UserId AND IsSuperUser = 1) AND (@SelectedBranchId IS NULL OR ID = @SelectedBranchId) AND (IsDeleted IS NULL OR IsDeleted = 0))"
